{"R_squared": 0.8304383039902548, "MSE": 36.946784305814305, "RMSE": 6.078386653201185, "MAE": 4.8257487146804205}