R_squared,MSE,RMSE,MAE
0.2939476300878153,153.84585807784813,12.403461536113543,8.507037299239324
