R_squared,MSE,RMSE,MAE
0.16848854952965064,181.18286695231637,13.46041852812595,9.670031597647075
