{"R_squared": 0.5645480917399158, "MSE": 94.88314937069222, "RMSE": 9.740798189609116, "MAE": 7.466830594436859}