R_squared,MSE,RMSE,MAE
0.007072741864699528,216.35469626100053,14.70900051876403,10.89082538240517
