R_squared,MSE,RMSE,MAE
0.007036544678115875,216.36258347654896,14.70926862480079,10.914404108279651
