R_squared,MSE,RMSE,MAE
0.12302354861959275,191.08950047638191,13.823512595443384,9.379977720433414
