R_squared,MSE,RMSE,MAE
0.12292390059489577,191.11121336414857,13.824297933860821,9.38068036448164
