R_squared,MSE,RMSE,MAE
0.021027018044469936,213.3141178503664,14.605277054899245,10.853733562523738
