R_squared,MSE,RMSE,MAE
0.06633178414093965,203.44239882194012,14.263323554555583,10.268307809234798
