R_squared,MSE,RMSE,MAE
0.06654467655568064,203.39601045526956,14.261697320279573,10.26996351118159
