R_squared,MSE,RMSE,MAE
0.043622656198967436,208.39062281114204,14.435741159051794,10.159589715191753
