R_squared,MSE,RMSE,MAE
0.30170299531780354,152.1559964339264,12.335152874363835,8.504841604619152
