R_squared,MSE,RMSE,MAE
0.6997542633361227,65.42229012985949,8.088404671494835,6.355399884033732
