R_squared,MSE,RMSE,MAE
0.6997542633361177,65.4222901298606,8.088404671494905,6.355399884033724
