R_squared,MSE,RMSE,MAE
0.699754263336118,65.42229012986053,8.088404671494901,6.355399884033723
