R_squared,MSE,RMSE,MAE
0.6997542633361182,65.42229012986049,8.088404671494898,6.355399884033724
