R_squared,MSE,RMSE,MAE
0.6412875909074969,78.16193349350566,8.840923791861666,6.701146055881825
