R_squared,MSE,RMSE,MAE
0.7033790133222879,64.63247226973586,8.039432335043056,6.060974870190748
