R_squared,MSE,RMSE,MAE
0.5689032907792684,93.93416971725327,9.691964182623318,7.00642382082289
