R_squared,MSE,RMSE,MAE
0.7033802428742058,64.63220435551604,8.039415672517253,6.060966076775829
