R_squared,MSE,RMSE,MAE
0.6412875909074921,78.1619334935067,8.840923791861725,6.701146055881806
