R_squared,MSE,RMSE,MAE
0.6343755209042883,79.66804463490732,8.92569575074724,6.581826866379822
