R_squared,MSE,RMSE,MAE
0.5689032907792682,93.93416971725331,9.69196418262332,7.006423820822893
