R_squared,MSE,RMSE,MAE
0.6343755209042902,79.66804463490689,8.925695750747215,6.581826866379834
