R_squared,MSE,RMSE,MAE
0.7015480888944801,65.03142304403444,8.064206287294146,6.384443122547735
