R_squared,MSE,RMSE,MAE
0.7015480888944785,65.03142304403477,8.064206287294166,6.38444312254774
