R_squared,MSE,RMSE,MAE
0.702919847734635,64.732522530655,8.045652399318218,6.1635905385830805
