R_squared,MSE,RMSE,MAE
0.7043750560694848,64.41543872144005,8.025922920227933,6.099591162667419
