R_squared,MSE,RMSE,MAE
0.7043750560694837,64.4154387214403,8.025922920227947,6.0995911626673935
