R_squared,MSE,RMSE,MAE
0.7029198477346355,64.7325225306549,8.045652399318213,6.163590538583056
