R_squared,MSE,RMSE,MAE
0.5645480917399158,94.88314937069222,9.740798189609116,7.466830594436859
