R_squared,MSE,RMSE,MAE
0.5196567971129271,104.66477469541641,10.23058036943244,7.4875086464485
