R_squared,MSE,RMSE,MAE
0.6367796308328962,79.14419913754546,8.896302554294422,6.562694317231509
