R_squared,MSE,RMSE,MAE
0.561006101385187,95.65493425329872,9.78033405632439,6.825921908135725
