R_squared,MSE,RMSE,MAE
0.5362614099007879,101.04669902389566,10.052198715897715,7.355158694417945
