R_squared,MSE,RMSE,MAE
0.5214480510837662,104.27446794775496,10.21148705859019,7.476296969998526
