R_squared,MSE,RMSE,MAE
0.5610061013851871,95.65493425329868,9.780334056324389,6.825921908135728
