R_squared,MSE,RMSE,MAE
0.5610061013851875,95.6549342532986,9.780334056324385,6.825921908135715
