R_squared,MSE,RMSE,MAE
0.5616138584009511,95.52250654173294,9.773561609860192,6.8791730317030835
