R_squared,MSE,RMSE,MAE
0.23412796872952135,166.88031206989075,12.918216288245477,8.59241675023193
