R_squared,MSE,RMSE,MAE
0.42178801887064354,125.98997210193095,11.224525473352134,7.780997828159408
