R_squared,MSE,RMSE,MAE
0.4217880188706439,125.98997210193087,11.22452547335213,7.7809978281594265
