R_squared,MSE,RMSE,MAE
0.5616138584009512,95.52250654173292,9.773561609860192,6.879173031703079
