R_squared,MSE,RMSE,MAE
0.24321632190351117,164.89999792868772,12.841339413343443,8.341064906338374
