R_squared,MSE,RMSE,MAE
0.23412796872951713,166.88031206989166,12.918216288245512,8.592416750231976
