R_squared,MSE,RMSE,MAE
0.2432163219035115,164.89999792868767,12.84133941334344,8.341064906338376
