R_squared,MSE,RMSE,MAE
0.19381464716605035,175.66441621314544,13.253845336850187,9.146108306691215
