R_squared,MSE,RMSE,MAE
0.2432163219035156,164.89999792868676,12.841339413343405,8.341064906338337
