R_squared,MSE,RMSE,MAE
0.24337216683313245,164.8660399704025,12.840017132792406,8.256040894802027
