R_squared,MSE,RMSE,MAE
0.24321632190351283,164.89999792868736,12.841339413343428,8.341064906338357
