R_squared,MSE,RMSE,MAE
0.193814647166054,175.66441621314465,13.253845336850157,9.146108306691195
