R_squared,MSE,RMSE,MAE
0.31270210821253597,149.75933574203506,12.237619692654086,8.48099167528605
