R_squared,MSE,RMSE,MAE
0.24337216683312868,164.86603997040334,12.840017132792438,8.256040894802059
