R_squared,MSE,RMSE,MAE
0.17480417615033417,179.80671832912117,13.409202747707306,8.83186025076446
