R_squared,MSE,RMSE,MAE
0.7033790725673834,64.63245936047738,8.039431532171749,6.060973110969368
