R_squared,MSE,RMSE,MAE
0.17480417615033428,179.80671832912114,13.409202747707305,8.831860250764459
