R_squared,MSE,RMSE,MAE
0.6997542633361218,65.42229012985969,8.088404671494848,6.355399884033688
