R_squared,MSE,RMSE,MAE
0.7033790055874521,64.63247395512423,8.039432439863166,6.060974387607859
