R_squared,MSE,RMSE,MAE
0.7033789131832695,64.63249408960911,8.039433692096049,6.060977317958196
