R_squared,MSE,RMSE,MAE
0.7033788180839476,64.63251481135356,8.03943498085242,6.060971487693935
