R_squared,MSE,RMSE,MAE
0.7043750560694846,64.41543872144008,8.025922920227934,6.099591162667364
