R_squared,MSE,RMSE,MAE
0.6343755209042887,79.66804463490722,8.925695750747233,6.5818268663798305
