R_squared,MSE,RMSE,MAE
0.6343755209042892,79.6680446349071,8.925695750747227,6.581826866379823
