R_squared,MSE,RMSE,MAE
0.7043750560694833,64.4154387214404,8.025922920227954,6.099591162667429
