R_squared,MSE,RMSE,MAE
0.7033789598321766,64.63248392500739,8.039433059924523,6.060974030825446
