R_squared,MSE,RMSE,MAE
0.5610061013851884,95.65493425329842,9.780334056324376,6.825921908135711
