R_squared,MSE,RMSE,MAE
0.5610061013851873,95.65493425329866,9.780334056324389,6.825921908135723
