R_squared,MSE,RMSE,MAE
0.24321632190351528,164.89999792868684,12.841339413343409,8.341064906338339
