R_squared,MSE,RMSE,MAE
0.24321632190351083,164.8999979286878,12.841339413343446,8.341064906338376
