R_squared,MSE,RMSE,MAE
0.703378943576881,64.6324874669683,8.039433280211256,6.060976316938347
