R_squared,MSE,RMSE,MAE
0.5193266995909113,104.73670156470831,10.23409505353103,7.486952820910835
