R_squared,MSE,RMSE,MAE
-0.011005219919127063,220.29380851591355,14.842297952672745,10.284673319974443
