R_squared,MSE,RMSE,MAE
0.05243836296530624,206.4697171817216,14.369054150559862,9.838281925033252
