R_squared,MSE,RMSE,MAE
-0.012234788601773516,220.56172638873497,14.851320695100991,10.185647359261356
