R_squared,MSE,RMSE,MAE
0.3925757693716335,132.35519907669263,11.504572963682426,8.12210425046608
