R_squared,MSE,RMSE,MAE
0.3148277888398182,149.29615882479823,12.218680731764712,8.461197540977091
