R_squared,MSE,RMSE,MAE
0.30024193799284316,152.47435471362098,12.34805064427665,8.044280977154699
