R_squared,MSE,RMSE,MAE
0.16396418165085647,182.1687077882583,13.496988841525294,9.191375923679415
