R_squared,MSE,RMSE,MAE
0.21645349002844227,170.73150704879075,13.066426713099139,8.463841870812802
