R_squared,MSE,RMSE,MAE
0.15259338050552662,184.64635779523078,13.588464144090413,9.21138024596835
