R_squared,MSE,RMSE,MAE
-0.01683017942838183,221.56304282792567,14.884993880681499,10.323608023948552
