R_squared,MSE,RMSE,MAE
0.41957831716908645,126.47145685980296,11.245952910260781,8.144436670062598
