R_squared,MSE,RMSE,MAE
0.4190144354972226,126.59432431745776,11.25141432520631,8.149869962317402
