R_squared,MSE,RMSE,MAE
0.12717192939260125,190.18558565808536,13.790779008384021,9.262380173266965
