R_squared,MSE,RMSE,MAE
0.12005702032460674,191.7358945832542,13.846873097680003,8.88841305972118
