R_squared,MSE,RMSE,MAE
0.06366127408930466,204.02429179179236,14.283707214578167,9.893531742066205
