R_squared,MSE,RMSE,MAE
0.01131872959333624,215.4295132953499,14.67751727286839,10.062398971229696
