R_squared,MSE,RMSE,MAE
0.05650103593985678,205.5844777342042,14.338217383419886,9.723332516337361
