R_squared,MSE,RMSE,MAE
0.6934469218093489,66.7966334657473,8.172920742656649,6.367256021932946
