R_squared,MSE,RMSE,MAE
0.5409821544615734,100.01806853036632,10.000903385713029,7.325076267152706
