R_squared,MSE,RMSE,MAE
0.22622965580336307,168.60132141887615,12.984657154460265,8.531229238240712
