R_squared,MSE,RMSE,MAE
0.5367003547512104,100.95105477703838,10.047440210174848,7.382740283640145
