R_squared,MSE,RMSE,MAE
0.5018884974281945,108.5364128742134,10.418081055271811,7.593831808086373
