R_squared,MSE,RMSE,MAE
0.2786601336207276,157.17693961240028,12.537022757114238,8.300762603046724
