R_squared,MSE,RMSE,MAE
0.3951658505779265,131.79083121581706,11.480018781161338,8.129400780643671
