R_squared,MSE,RMSE,MAE
0.3000322525036727,152.52004430462384,12.349900578734383,8.029393236473023
