R_squared,MSE,RMSE,MAE
0.4960402184872884,109.81072839284018,10.479061427095472,7.669124083076806
