R_squared,MSE,RMSE,MAE
0.5002889347269364,108.88495089605306,10.43479520144277,7.244280875896891
