R_squared,MSE,RMSE,MAE
0.40142038188377915,130.4279950061697,11.420507650983371,8.147441730547689
