R_squared,MSE,RMSE,MAE
0.31349401483872386,149.58678260063215,12.23056755022563,8.036637757229613
