R_squared,MSE,RMSE,MAE
0.17104602219297127,180.62560435655715,13.439702539734915,9.735455655200294
