R_squared,MSE,RMSE,MAE
0.17104602219297105,180.6256043565572,13.439702539734919,9.735455655200294
