R_squared,MSE,RMSE,MAE
0.39510212212614515,131.80471737889232,11.480623562284947,7.9828687600777535
