R_squared,MSE,RMSE,MAE
0.16000324257894816,183.03177984392977,13.528923824308043,9.24438235641767
