R_squared,MSE,RMSE,MAE
0.15856265940514125,183.34567689172863,13.540519816156566,9.268174843960452
