R_squared,MSE,RMSE,MAE
0.25685186405950566,161.92887032861117,12.725127517184697,8.106131683541356
