R_squared,MSE,RMSE,MAE
0.246397954445861,164.20673350606847,12.814317520104941,8.056222573287876
