R_squared,MSE,RMSE,MAE
0.1639103720384424,182.1804326777247,13.497423186583605,9.192228326810243
