R_squared,MSE,RMSE,MAE
0.22622965580336352,168.60132141887607,12.984657154460262,8.531229238240707
