R_squared,MSE,RMSE,MAE
0.2168400264507495,170.647282379202,13.06320337356814,8.463258080523566
