R_squared,MSE,RMSE,MAE
0.13265717345743167,188.9903739204274,13.74737698328039,9.176226635262328
