R_squared,MSE,RMSE,MAE
0.1335440758601225,188.79712159667946,13.74034648750458,8.895954281681536
