R_squared,MSE,RMSE,MAE
0.06051781818156621,204.70923768541783,14.307663599813138,9.820048293512155
