R_squared,MSE,RMSE,MAE
-0.0005361545209630059,218.01264295640416,14.76525119855413,10.151551092736778
