R_squared,MSE,RMSE,MAE
0.06223990059419349,204.334003130955,14.294544523382164,9.766254532179438
