R_squared,MSE,RMSE,MAE
0.1159969883172206,192.6205585750733,13.87878087495704,9.33173317473127
