R_squared,MSE,RMSE,MAE
0.13151878453022192,189.2384241059323,13.756395752737426,8.910797399762377
