R_squared,MSE,RMSE,MAE
0.1200570203246073,191.7358945832541,13.84687309768,8.888413059721175
