R_squared,MSE,RMSE,MAE
0.17863705882346337,178.97154922710027,13.378024862703024,9.67511420728371
