R_squared,MSE,RMSE,MAE
0.0658816413250195,203.54048305863992,14.266761477596797,9.820783668894329
