R_squared,MSE,RMSE,MAE
0.6970856115476205,66.00377819194789,8.124270932948253,6.234470228065202
