R_squared,MSE,RMSE,MAE
0.535544264788694,101.20296194409548,10.05996828742991,7.234298676349256
