R_squared,MSE,RMSE,MAE
0.6119707614408394,84.54994800577317,9.195104567419186,6.578483194891913
