R_squared,MSE,RMSE,MAE
0.5345863457748727,101.41168849035542,10.070337059421368,7.262784476044186
