R_squared,MSE,RMSE,MAE
0.6979606651114385,65.81310768062815,8.112527823103484,6.303394512691231
