R_squared,MSE,RMSE,MAE
0.6906768800942671,67.40021396873632,8.209763332078236,6.290015463428459
