R_squared,MSE,RMSE,MAE
0.6172598612130857,83.39747528902299,9.132221815583708,6.549592853385594
