R_squared,MSE,RMSE,MAE
0.5408670569607247,100.04314779436326,10.002157157051835,7.3289231408358155
