R_squared,MSE,RMSE,MAE
0.20831198065567003,172.50550788623386,13.134135216535341,9.05970576195978
