R_squared,MSE,RMSE,MAE
0.2083119806556667,172.50550788623457,13.134135216535368,9.059705761959808
