R_squared,MSE,RMSE,MAE
0.6156114582612497,83.75665539717106,9.151866224829286,6.5619299995977185
