R_squared,MSE,RMSE,MAE
0.5028840737792124,108.31948095169409,10.407664529167631,7.601593019537702
