R_squared,MSE,RMSE,MAE
0.4897230567135671,111.18721151946096,10.544534675340632,7.713360595875225
