R_squared,MSE,RMSE,MAE
0.5052197766672268,107.81054106233975,10.383185496866545,7.232289405229924
