R_squared,MSE,RMSE,MAE
0.3964763599506115,131.5052767052007,11.46757501415189,8.1235078600231
