R_squared,MSE,RMSE,MAE
0.30337793343010444,151.79103442530626,12.320350418121485,8.03281317772204
