R_squared,MSE,RMSE,MAE
0.39589832594143226,131.63122789795915,11.473065322657199,8.055672484847976
