R_squared,MSE,RMSE,MAE
0.5060118374176137,107.63795433791843,10.374871292595317,7.626121736126235
