R_squared,MSE,RMSE,MAE
0.5062635048230124,107.58311706297432,10.372228162886426,7.242277876025621
