R_squared,MSE,RMSE,MAE
0.500288934726937,108.8849508960529,10.434795201442762,7.244280875896876
