R_squared,MSE,RMSE,MAE
0.007855925298390853,216.18404386675448,14.703198423021927,10.885148789130714
