R_squared,MSE,RMSE,MAE
0.40305225111861975,130.0724175257965,11.404929527436655,8.043702980401559
