R_squared,MSE,RMSE,MAE
0.25994362788437364,161.25518792362183,12.698629371850405,8.120498387224265
