R_squared,MSE,RMSE,MAE
0.25654249874697344,161.99627973617672,12.7277759147534,8.074947963571507
