R_squared,MSE,RMSE,MAE
0.21819296347032036,170.3524830617986,13.051914919344158,8.56583179288249
