R_squared,MSE,RMSE,MAE
0.1585626594051408,183.34567689172874,13.54051981615657,9.268174843960452
