R_squared,MSE,RMSE,MAE
0.220394483221921,169.87278111659808,13.033525275864472,8.565701069917147
