R_squared,MSE,RMSE,MAE
0.2528951009789051,162.7910324532443,12.75895890945826,8.042287902367828
