R_squared,MSE,RMSE,MAE
0.24639795444586066,164.20673350606856,12.814317520104945,8.056222573287885
