R_squared,MSE,RMSE,MAE
0.06830332555929841,203.01280819358325,14.248256321163767,10.317236215228524
