R_squared,MSE,RMSE,MAE
0.1379768352822961,187.83124186024875,13.705153842998216,9.37892242483597
