R_squared,MSE,RMSE,MAE
0.13620373595114543,188.2175927878606,13.719241698718651,9.429094550738018
