R_squared,MSE,RMSE,MAE
0.21909071495888832,170.15686676761837,13.044418989269639,8.548179800438009
