R_squared,MSE,RMSE,MAE
0.13354407586012274,188.7971215966794,13.740346487504578,8.895954281681533
