R_squared,MSE,RMSE,MAE
0.13354407586012285,188.79712159667937,13.740346487504578,8.89595428168153
