R_squared,MSE,RMSE,MAE
0.062239900594193265,204.33400313095507,14.294544523382166,9.766254532179438
