R_squared,MSE,RMSE,MAE
0.1315187845302218,189.23842410593232,13.756395752737427,8.910797399762373
