R_squared,MSE,RMSE,MAE
0.6970856115476203,66.00377819194793,8.124270932948257,6.234470228065201
