R_squared,MSE,RMSE,MAE
0.6970856115476286,66.0037781919461,8.124270932948143,6.234470228065149
