R_squared,MSE,RMSE,MAE
0.6952202127692704,66.41024078302783,8.1492478660934,6.182928546632555
