R_squared,MSE,RMSE,MAE
0.004394335502449498,216.93830980390638,14.72882581212455,10.855702473917711
