R_squared,MSE,RMSE,MAE
0.5345863457748721,101.41168849035554,10.070337059421375,7.262784476044186
