R_squared,MSE,RMSE,MAE
0.6150917437623744,83.86989901257728,9.158051048808217,6.5813888530981375
