R_squared,MSE,RMSE,MAE
0.6952994634099143,66.39297239992672,8.148188289425246,6.220798214578623
