R_squared,MSE,RMSE,MAE
0.690676880094268,67.40021396873614,8.209763332078223,6.290015463428438
