R_squared,MSE,RMSE,MAE
0.6191737879541408,82.98043865785586,9.109359947760097,6.560911895378357
