R_squared,MSE,RMSE,MAE
0.5052197766672271,107.81054106233968,10.383185496866542,7.232289405229924
