R_squared,MSE,RMSE,MAE
0.3958983259414328,131.63122789795904,11.473065322657195,8.055672484847973
