R_squared,MSE,RMSE,MAE
0.13677122780797235,188.0939386860033,13.714734364398142,9.392170768627095
