R_squared,MSE,RMSE,MAE
0.07705421545610858,201.10602588891234,14.181185630578014,10.237828386728333
