R_squared,MSE,RMSE,MAE
0.5062635048230132,107.58311706297417,10.372228162886419,7.242277876025606
