R_squared,MSE,RMSE,MAE
0.25654249874697277,161.9962797361769,12.727775914753405,8.074947963571516
