R_squared,MSE,RMSE,MAE
0.256542498746973,161.99627973617683,12.727775914753403,8.074947963571516
