R_squared,MSE,RMSE,MAE
0.22039448322192068,169.8727811165981,13.033525275864474,8.565701069917143
