R_squared,MSE,RMSE,MAE
0.25289510097890466,162.79103245324438,12.758958909458263,8.042287902367834
