R_squared,MSE,RMSE,MAE
0.1335440758601234,188.79712159667923,13.740346487504572,8.895954281681528
