R_squared,MSE,RMSE,MAE
0.6952198482728285,66.41032020527786,8.14925273907233,6.182976104448766
