R_squared,MSE,RMSE,MAE
0.6952195279542184,66.41039000136315,8.14925702143227,6.182873557213212
