R_squared,MSE,RMSE,MAE
0.05093844249666901,206.79654357786356,14.380422232252554,10.149773676436421
