R_squared,MSE,RMSE,MAE
0.050938442496669456,206.7965435778635,14.380422232252553,10.149773676436403
