R_squared,MSE,RMSE,MAE
0.615091743762374,83.86989901257739,9.158051048808224,6.581388853098134
