R_squared,MSE,RMSE,MAE
0.6952994634099139,66.39297239992682,8.148188289425253,6.220798214578628
