R_squared,MSE,RMSE,MAE
0.5052197766672273,107.81054106233964,10.383185496866538,7.232289405229924
