R_squared,MSE,RMSE,MAE
0.695224368161901,66.40933534035507,8.149192312146956,6.18272651540414
