R_squared,MSE,RMSE,MAE
0.2673891938851338,159.63283023589864,12.634588645298217,8.299782669612823
