R_squared,MSE,RMSE,MAE
0.15118894991574017,184.9523773461932,13.5997197524873,9.231588360715792
