R_squared,MSE,RMSE,MAE
-0.01879554743238465,221.99128829511696,14.899372077209058,10.337330404616253
