R_squared,MSE,RMSE,MAE
0.11233310559486342,193.41890329472596,13.907512476885504,9.244066278150134
