R_squared,MSE,RMSE,MAE
0.13612665450873296,188.23438851174055,13.719853807958033,9.412678486087083
