R_squared,MSE,RMSE,MAE
0.007965739589405607,216.16011579208154,14.70238469745917,9.601241610864209
