R_squared,MSE,RMSE,MAE
0.5361496636287051,101.07104806916233,10.05340977326411,7.39935276255004
