R_squared,MSE,RMSE,MAE
0.2787270267436761,157.16236388071508,12.536441436098007,8.269803228669328
