R_squared,MSE,RMSE,MAE
0.49352268859551995,110.35928762575362,10.505202883607419,7.685196060630618
