R_squared,MSE,RMSE,MAE
0.28755644337180153,155.23847092975777,12.459473140135492,8.304194067166469
