R_squared,MSE,RMSE,MAE
0.3267951381651205,146.688523464694,12.111503765622746,7.510107949677391
