R_squared,MSE,RMSE,MAE
0.16000324257894527,183.0317798439304,13.528923824308066,9.244382356417688
