R_squared,MSE,RMSE,MAE
0.2501340657466805,163.3926504812917,12.782513464936843,8.145502296530612
