R_squared,MSE,RMSE,MAE
0.10320048810763727,195.40886244463113,13.978872001868789,9.490432372663458
