R_squared,MSE,RMSE,MAE
0.11796247568626295,192.19228709873906,13.863343287199486,9.453351501461784
