R_squared,MSE,RMSE,MAE
0.15632337169973276,183.83360831608545,13.558525300197122,8.832086325492048
