R_squared,MSE,RMSE,MAE
0.1299591505907275,189.5782618176005,13.768742201726361,9.197039792397458
