R_squared,MSE,RMSE,MAE
0.061144464700465084,204.57269403013134,14.302891107399628,9.802738300879462
