R_squared,MSE,RMSE,MAE
0.02324176373950415,212.83153402741425,14.588746828546112,9.586961753625149
