R_squared,MSE,RMSE,MAE
0.08783858219007645,198.75615748719625,14.098090561746163,9.32278458608506
