R_squared,MSE,RMSE,MAE
0.14906914801309068,185.4142733139225,13.616690982537664,8.688620773682583
