R_squared,MSE,RMSE,MAE
0.16372206268363632,182.22146449846304,13.498943088200019,8.763774101727577
