R_squared,MSE,RMSE,MAE
0.16372206268363343,182.2214644984637,13.498943088200042,8.763774101727675
