R_squared,MSE,RMSE,MAE
0.0642882482390702,203.8876767471103,14.278924215329049,10.091302526905778
