R_squared,MSE,RMSE,MAE
0.03071363430280538,211.20344468554197,14.532840213996092,9.519667886386822
