R_squared,MSE,RMSE,MAE
0.05349365894385327,206.23977260216316,14.361050539642395,9.44580071377686
