R_squared,MSE,RMSE,MAE
0.5355442647886939,101.20296194409548,10.05996828742991,7.2342986763492565
