R_squared,MSE,RMSE,MAE
0.614128769433538,84.07972709083327,9.16949982773506,6.557023572447129
