R_squared,MSE,RMSE,MAE
0.5442220682315566,99.31210487202847,9.965545889314265,6.951841810363725
