R_squared,MSE,RMSE,MAE
0.0749522033576937,201.56404553271136,14.197325295023402,10.303233052137337
