R_squared,MSE,RMSE,MAE
0.33261935172008583,145.4194516930013,12.058998784849482,7.449121249462229
