R_squared,MSE,RMSE,MAE
0.5021198221387408,108.48600818738677,10.415661677847778,7.651364123258216
