R_squared,MSE,RMSE,MAE
0.5286601856536552,102.7029739924051,10.134247578996929,7.163512443871812
