R_squared,MSE,RMSE,MAE
0.33930055159395534,143.96364618708265,11.99848516218121,7.547842716317415
