R_squared,MSE,RMSE,MAE
0.3989606678431791,130.96395640694982,11.443948462263792,7.644884170784994
