R_squared,MSE,RMSE,MAE
0.2599436278843703,161.25518792362254,12.698629371850434,8.12049838722429
