R_squared,MSE,RMSE,MAE
0.5613676894243697,95.57614573203695,9.776305321134204,7.365219332918326
