R_squared,MSE,RMSE,MAE
0.21819296347031625,170.3524830617995,13.051914919344192,8.565831792882515
