R_squared,MSE,RMSE,MAE
0.16200072727891202,182.59653628302857,13.512828581870954,8.923235196199865
