R_squared,MSE,RMSE,MAE
0.25013406574668506,163.3926504812907,12.782513464936804,8.145502296530562
