R_squared,MSE,RMSE,MAE
0.2532707337080383,162.70918365278942,12.75575100308835,7.9363411618986826
