R_squared,MSE,RMSE,MAE
0.21810585978702612,170.37146259004496,13.052641977394652,8.54771701235115
