R_squared,MSE,RMSE,MAE
0.16650525396534133,181.6150187599099,13.476461655787467,8.836100158717263
