R_squared,MSE,RMSE,MAE
0.20035084558262062,174.24020591825,13.200007799931408,8.399254668926567
