R_squared,MSE,RMSE,MAE
0.12901126178130762,189.78480282427643,13.776240518525961,9.03853274072518
