R_squared,MSE,RMSE,MAE
0.07019852542444871,202.59985207034367,14.233757482490127,9.927790417983516
