R_squared,MSE,RMSE,MAE
0.1627471529052994,182.4338932612409,13.506809144325722,8.659690608992355
