R_squared,MSE,RMSE,MAE
0.02324176373949849,212.83153402741547,14.588746828546155,9.586961753624996
