R_squared,MSE,RMSE,MAE
0.059281989689005,204.97851954463573,14.317070913585493,9.525876567868272
