R_squared,MSE,RMSE,MAE
0.16132334017693994,182.74413609912537,13.518288948647509,8.698374310115595
