R_squared,MSE,RMSE,MAE
0.14906914801308957,185.41427331392276,13.616690982537673,8.68862077368254
