R_squared,MSE,RMSE,MAE
0.06266572945849058,204.24121680261192,14.291298639473318,9.571971114102512
