R_squared,MSE,RMSE,MAE
0.5613676894243744,95.57614573203591,9.776305321134151,7.365219332918343
