R_squared,MSE,RMSE,MAE
0.5430341140392081,99.57095512148203,9.978524696641385,6.832417984243676
