R_squared,MSE,RMSE,MAE
0.6934469218093557,66.7966334657458,8.172920742656556,6.367256021932904
