R_squared,MSE,RMSE,MAE
0.6948078758532172,66.50008727228365,8.154758566155325,6.1493051428276
