R_squared,MSE,RMSE,MAE
0.5475290920244272,98.59151822041606,9.929326171519197,6.9089435130567285
