R_squared,MSE,RMSE,MAE
0.6073129397472206,85.5648678697452,9.250127992073688,6.421621040157018
