R_squared,MSE,RMSE,MAE
0.6464008706102841,77.04777123445797,8.777685984042604,6.646580662761869
