R_squared,MSE,RMSE,MAE
0.6999888014195591,65.37118526252127,8.085244910484857,6.425323794719992
