R_squared,MSE,RMSE,MAE
0.6999888014195859,65.37118526251544,8.085244910484496,6.425323794719914
