R_squared,MSE,RMSE,MAE
0.5355020083401565,101.21216944747853,10.06042590785691,7.034685225654971
