R_squared,MSE,RMSE,MAE
0.3326193517200857,145.41945169300132,12.058998784849484,7.449121249462239
