R_squared,MSE,RMSE,MAE
0.4015490580472466,130.39995700838594,11.419280056482805,7.684295142533347
