R_squared,MSE,RMSE,MAE
0.5348695167029861,101.34998672958699,10.067273053294372,7.104109801724308
