R_squared,MSE,RMSE,MAE
0.5286601856536555,102.70297399240505,10.134247578996925,7.163512443871809
