R_squared,MSE,RMSE,MAE
0.4059875872140737,129.43282006872948,11.376854577110912,7.702056742926045
