R_squared,MSE,RMSE,MAE
0.25994362788437575,161.25518792362135,12.698629371850387,8.120498387224249
