R_squared,MSE,RMSE,MAE
0.5677741641302146,94.1802016910909,9.704648457883,7.4158202658843155
