R_squared,MSE,RMSE,MAE
0.5677741641302461,94.18020169108406,9.704648457882648,7.415820265884454
