R_squared,MSE,RMSE,MAE
0.2617418077927478,160.86337204314177,12.683192502013906,7.9221879787692
