R_squared,MSE,RMSE,MAE
0.1620007272789027,182.5965362830306,13.512828581871029,8.923235196199872
