R_squared,MSE,RMSE,MAE
0.20066391236765702,174.17198997530858,13.197423611270064,8.563743345813526
