R_squared,MSE,RMSE,MAE
0.2568518640595102,161.92887032861017,12.725127517184658,8.106131683541312
