R_squared,MSE,RMSE,MAE
0.25949364707271483,161.35323686027058,12.70248939618808,7.90725937210273
