R_squared,MSE,RMSE,MAE
0.253270733708043,162.70918365278843,12.75575100308831,7.936341161898645
