R_squared,MSE,RMSE,MAE
0.20131453393321685,174.0302222576392,13.192051480252767,8.523908790311904
