R_squared,MSE,RMSE,MAE
0.13285754967337626,188.94671278112094,13.745788910830871,9.180479038733429
