R_squared,MSE,RMSE,MAE
0.16274715290529174,182.43389326124256,13.506809144325782,8.659690608992225
