R_squared,MSE,RMSE,MAE
0.6464008706102115,77.04777123447379,8.777685984043504,6.646580662761892
