R_squared,MSE,RMSE,MAE
0.5252584916344784,103.44418889033624,10.170751638415728,7.450324075986446
