R_squared,MSE,RMSE,MAE
0.16274715290529607,182.43389326124162,13.506809144325747,8.659690608992321
