R_squared,MSE,RMSE,MAE
0.05928198968899823,204.97851954463718,14.317070913585543,9.525876567868307
