R_squared,MSE,RMSE,MAE
0.1613233401769415,182.74413609912503,13.518288948647497,8.698374310115616
