R_squared,MSE,RMSE,MAE
0.6989559622823416,65.5962365902881,8.099150362247148,6.001357481262389
