R_squared,MSE,RMSE,MAE
0.6119707614408456,84.5499480057718,9.195104567419111,6.578483194891899
