R_squared,MSE,RMSE,MAE
0.5430341140392076,99.57095512148211,9.978524696641388,6.832417984243672
