R_squared,MSE,RMSE,MAE
0.6061162241566658,85.82562719122008,9.26421217326223,6.448260567695509
