R_squared,MSE,RMSE,MAE
0.6979606651114457,65.81310768062657,8.112527823103386,6.303394512691176
