R_squared,MSE,RMSE,MAE
0.5728668682843453,93.07052275803059,9.647306502751459,7.066873583800579
