R_squared,MSE,RMSE,MAE
0.698797759912198,65.63070822500228,8.101278184644833,6.080115950295885
