R_squared,MSE,RMSE,MAE
0.6948078758532166,66.50008727228379,8.154758566155333,6.149305142827617
