R_squared,MSE,RMSE,MAE
0.6097246146432336,85.03937399762904,9.221679564896464,6.4250348545790645
