R_squared,MSE,RMSE,MAE
0.49600578590361355,109.81823110879587,10.479419407047123,7.606115083066701
