R_squared,MSE,RMSE,MAE
0.5355020083401568,101.21216944747844,10.060425907856906,7.034685225654968
