R_squared,MSE,RMSE,MAE
0.40154905804724517,130.39995700838625,11.419280056482819,7.684295142533345
