R_squared,MSE,RMSE,MAE
0.534869516702986,101.34998672958703,10.067273053294373,7.104109801724309
