R_squared,MSE,RMSE,MAE
0.25994362788437775,161.25518792362092,12.69862937185037,8.120498387224233
