R_squared,MSE,RMSE,MAE
0.26174180779274814,160.8633720431417,12.683192502013904,7.922187978769204
