R_squared,MSE,RMSE,MAE
0.5238025040154939,103.76144250230452,10.186336068592304,7.491021718771856
