R_squared,MSE,RMSE,MAE
0.20066391236765602,174.1719899753088,13.197423611270073,8.56374334581353
