R_squared,MSE,RMSE,MAE
0.25949364707271894,161.35323686026967,12.702489396188042,7.907259372102696
