R_squared,MSE,RMSE,MAE
0.16274715290529695,182.43389326124142,13.50680914432574,8.659690608992317
