R_squared,MSE,RMSE,MAE
0.6970856115476248,66.00377819194692,8.124270932948194,6.234470228065169
