R_squared,MSE,RMSE,MAE
0.6989560612471657,65.59621502626685,8.099149030994976,6.001352778749829
