R_squared,MSE,RMSE,MAE
0.6989555626759771,65.5963236628434,8.099155737658302,6.001347197282037
