R_squared,MSE,RMSE,MAE
0.6061162241566669,85.82562719121985,9.264212173262218,6.448260567695514
