R_squared,MSE,RMSE,MAE
0.6987977599121992,65.630708225002,8.101278184644816,6.080115950295867
