R_squared,MSE,RMSE,MAE
0.5355020083401573,101.21216944747835,10.060425907856901,7.0346852256549655
