R_squared,MSE,RMSE,MAE
0.31479868519919385,149.3025003863535,12.218940231720323,8.402877824599397
