R_squared,MSE,RMSE,MAE
0.29896251829403064,152.75313491434449,12.359333918716837,8.566981332767313
