R_squared,MSE,RMSE,MAE
0.2617418077927539,160.86337204314046,12.683192502013855,7.922187978769158
