R_squared,MSE,RMSE,MAE
0.6989560798754393,65.59621096724396,8.099148780411678,6.001354380377919
