R_squared,MSE,RMSE,MAE
0.020854637655183805,213.35167881614692,14.606562867976399,10.85329917400136
