R_squared,MSE,RMSE,MAE
0.10624079834673472,194.74639156075747,13.955156450601242,9.984019962005522
