R_squared,MSE,RMSE,MAE
-0.017454091577927322,221.69899067556742,14.889559787836825,11.158673737469309
