R_squared,MSE,RMSE,MAE
-0.007351732395709076,219.4977288666278,14.815455742791977,11.02062243392264
