R_squared,MSE,RMSE,MAE
0.4157100954880668,127.31432618382466,11.283365020410562,8.193238904069776
