R_squared,MSE,RMSE,MAE
0.4076880149153306,129.0623039852953,11.360559140521882,8.27748402827207
