R_squared,MSE,RMSE,MAE
0.026592471802124873,212.10142875614878,14.563702439838188,10.91917555864725
