R_squared,MSE,RMSE,MAE
0.31405484787591675,149.46457942771997,12.22557071991815,8.464267815911407
