R_squared,MSE,RMSE,MAE
0.35465594477999274,140.6177702414746,11.85823638832835,7.6202911685708745
