R_squared,MSE,RMSE,MAE
0.42131618465765286,126.09278280331993,11.22910427430968,7.98916079732833
