R_squared,MSE,RMSE,MAE
0.3352338307334086,144.8497676520267,12.035354903451195,8.954800063078894
