R_squared,MSE,RMSE,MAE
0.29356014521685203,153.93028941043178,12.406864608370311,8.512648831068427
