R_squared,MSE,RMSE,MAE
0.3174817053340161,148.717881521703,12.194994117329577,8.515160774634438
