R_squared,MSE,RMSE,MAE
0.17863705882346315,178.97154922710033,13.378024862703027,9.675114207283714
