R_squared,MSE,RMSE,MAE
0.35696431109676185,140.11478687664925,11.837009203200328,7.61382344615905
