R_squared,MSE,RMSE,MAE
0.35696431109652516,140.11478687670083,11.837009203202506,7.613823446166439
