R_squared,MSE,RMSE,MAE
0.17705142205384072,179.31705284668692,13.39093173930354,9.332117826221275
