R_squared,MSE,RMSE,MAE
0.22930567675472535,167.93106932017332,12.958822065302591,8.990767369762466
