R_squared,MSE,RMSE,MAE
0.1629239656307312,182.395366507954,13.50538287157954,9.685608809564243
