R_squared,MSE,RMSE,MAE
0.16781601649323852,181.3294090878316,13.465860874367877,9.695142535893437
