R_squared,MSE,RMSE,MAE
0.18751124732863367,177.03790067140983,13.30555901386371,9.647496909341744
