R_squared,MSE,RMSE,MAE
0.07433787736375885,201.69790459714335,14.202038747910223,10.304241784311374
