R_squared,MSE,RMSE,MAE
0.11473505103642834,192.89552943003687,13.888683502407162,9.937116998585635
