R_squared,MSE,RMSE,MAE
0.01020177384888632,215.67289327998353,14.685805843738487,11.025936456680036
