R_squared,MSE,RMSE,MAE
0.5266010587913956,103.15164912262927,10.156360033133389,7.5006741953954545
