R_squared,MSE,RMSE,MAE
0.5220265889967728,104.14840695646033,10.205312682934332,7.577183792653106
