R_squared,MSE,RMSE,MAE
0.014247372139995829,214.7913743345667,14.65576249584329,10.8514701243422
