R_squared,MSE,RMSE,MAE
0.027043650211352688,212.00311886799915,14.560326880533937,10.815862524136238
