R_squared,MSE,RMSE,MAE
0.0701985254244436,202.59985207034478,14.233757482490166,9.927790417983566
