R_squared,MSE,RMSE,MAE
0.04384339353601885,208.34252506871437,14.434075137282415,10.426714075315312
