R_squared,MSE,RMSE,MAE
0.09168287148638021,197.91850292969792,14.068351109127818,10.192092190894956
