R_squared,MSE,RMSE,MAE
0.06517381097673614,203.69471633076762,14.27216578977303,10.300312317760254
