R_squared,MSE,RMSE,MAE
0.08517157398955122,199.33728741833917,14.11868575393401,10.249107600348987
