R_squared,MSE,RMSE,MAE
0.11809758273568682,192.16284783780497,13.862281480254431,9.604696627518447
