R_squared,MSE,RMSE,MAE
0.038227371453547265,209.56623278938875,14.476402619069033,10.281272779283542
