R_squared,MSE,RMSE,MAE
0.043868561896964975,208.33704098814022,14.433885166099259,10.168209407451156
