R_squared,MSE,RMSE,MAE
0.5081477222598518,107.17255396492553,10.352417783538565,7.521575848421106
