R_squared,MSE,RMSE,MAE
0.4222413719900473,125.8911883535305,11.220124257490667,8.244495690413912
