R_squared,MSE,RMSE,MAE
0.5212002546496025,104.3284617542587,10.214130494283824,7.470456962459748
