R_squared,MSE,RMSE,MAE
0.06958434394517865,202.73367964563468,14.238457769212038,10.122429133176635
