R_squared,MSE,RMSE,MAE
0.09054194185402953,198.16710672422562,14.077183906031264,10.103713528409555
