R_squared,MSE,RMSE,MAE
0.106010979918018,194.79646803507399,13.95695052778629,10.008875040325243
