R_squared,MSE,RMSE,MAE
0.12612090515343755,190.41459944350012,13.799079659292504,9.957562419019233
