R_squared,MSE,RMSE,MAE
-0.018069827353267343,221.83315692547063,14.894064486414399,11.171331915218783
