R_squared,MSE,RMSE,MAE
0.018569289315147564,213.8496466601234,14.623598964007574,10.986869247653118
