R_squared,MSE,RMSE,MAE
0.027399669714327612,211.9255437074846,14.557662714443023,10.886161851450114
