R_squared,MSE,RMSE,MAE
0.5562190381136316,96.69801531650225,9.833514901422697,6.901863597868204
