R_squared,MSE,RMSE,MAE
0.36724340131469657,137.87501611427015,11.742019251997084,7.589426956524268
