R_squared,MSE,RMSE,MAE
0.556219038113779,96.69801531647013,9.833514901421065,6.901863597866808
