R_squared,MSE,RMSE,MAE
0.6226289243494758,82.2275788897023,9.067942373532283,6.758624441769028
