R_squared,MSE,RMSE,MAE
0.6143469827549263,84.03217932086092,9.166906747690899,7.353843411604298
