R_squared,MSE,RMSE,MAE
0.5647139931198306,94.84700015395285,9.738942455623857,7.463577681525131
