R_squared,MSE,RMSE,MAE
0.5712180273119405,93.42979830902844,9.66590907825169,7.381225720441475
