R_squared,MSE,RMSE,MAE
0.42672645665673026,124.91390716519109,11.176489035703076,8.083268997101644
