R_squared,MSE,RMSE,MAE
0.3543045335675227,140.69434127476404,11.8614645501626,8.875240447484186
