R_squared,MSE,RMSE,MAE
0.3122434558345333,149.85927417671812,12.24170225813053,8.468800144734368
