R_squared,MSE,RMSE,MAE
0.32072322440395684,148.01156807521917,12.166000496269067,8.450418900468573
