R_squared,MSE,RMSE,MAE
0.4200900087301853,126.35996140897933,11.240994680586738,8.278566682946462
