R_squared,MSE,RMSE,MAE
0.42527679985752975,125.22978131800942,11.19061130224839,7.678855269009425
