R_squared,MSE,RMSE,MAE
0.4110080996398373,128.33887141131157,11.328674742056618,8.454968435824764
