R_squared,MSE,RMSE,MAE
0.45798006671166913,118.10387626404057,10.867560732015283,8.055116656253892
