R_squared,MSE,RMSE,MAE
0.4185158948783776,126.70295423297297,11.256240679417484,8.158538005403969
