R_squared,MSE,RMSE,MAE
0.42853397578718677,124.52005630728404,11.158855510637462,8.143419399460935
