R_squared,MSE,RMSE,MAE
0.4375633058168683,122.55260306233961,11.070347919660863,7.413182470154257
