R_squared,MSE,RMSE,MAE
0.40091147723552,130.53888320034275,11.42536140348929,8.122079736080117
