R_squared,MSE,RMSE,MAE
0.35428793142105575,140.69795881303455,11.861617040396919,7.619896701801121
