R_squared,MSE,RMSE,MAE
0.37030303900302897,137.20833386005242,11.71359611135933,7.603717834340041
