R_squared,MSE,RMSE,MAE
0.4549933288345932,118.75467395431602,10.897461812473399,8.217333207011297
