R_squared,MSE,RMSE,MAE
0.36724340131469624,137.87501611427024,11.742019251997087,7.589426956524279
