R_squared,MSE,RMSE,MAE
0.4208773302303319,126.18840734736169,11.233361355683423,8.001135401657843
