R_squared,MSE,RMSE,MAE
0.4315156117155109,123.87037031030081,11.129706658771417,8.029113899564825
