R_squared,MSE,RMSE,MAE
0.33476628269657427,144.9516444135598,12.039586554926203,8.958336346099063
