R_squared,MSE,RMSE,MAE
0.36041545495144134,139.3627970664043,11.805202118828984,8.816444907211626
