R_squared,MSE,RMSE,MAE
0.3173217922334133,148.75272591742845,12.196422668857801,8.505509678900541
