R_squared,MSE,RMSE,MAE
0.22952647974361828,167.88295727248396,12.95696558892104,9.059372536916392
