R_squared,MSE,RMSE,MAE
0.17359693418904598,180.06977130274842,13.419007836004434,9.598893241417471
