R_squared,MSE,RMSE,MAE
0.17542274727248997,179.67193426900667,13.404176001120199,9.685530961037864
