R_squared,MSE,RMSE,MAE
0.42527679985753,125.22978131800937,11.190611302248389,7.67885526900942
