R_squared,MSE,RMSE,MAE
0.17104602219297316,180.62560435655672,13.4397025397349,9.735455655200285
