R_squared,MSE,RMSE,MAE
0.18382356374196285,177.8414314998405,13.335720134279981,9.630901633016796
