R_squared,MSE,RMSE,MAE
0.18351998292504623,177.90758049000723,13.338200046858168,9.228623299371895
