R_squared,MSE,RMSE,MAE
0.22290255212983057,169.32628339249325,13.01254330991806,8.93221490990025
