R_squared,MSE,RMSE,MAE
0.2075562393328121,172.6701807593161,13.140402610244335,9.077506384724783
