R_squared,MSE,RMSE,MAE
0.21822694283172872,170.34507910107888,13.05163128122607,9.108121493411533
