R_squared,MSE,RMSE,MAE
0.22530085668038868,168.80370286272532,12.992447916490768,8.89660526286134
