R_squared,MSE,RMSE,MAE
0.17339229378298326,180.11436159124503,13.420669193123159,9.32697468665059
