R_squared,MSE,RMSE,MAE
0.17645797043551203,179.44636347198914,13.395759159972576,9.35356991590527
