R_squared,MSE,RMSE,MAE
0.19334232381724392,175.7673334951827,13.257727312597083,9.348549906575492
