R_squared,MSE,RMSE,MAE
0.2341279687295178,166.88031206989152,12.918216288245507,8.592416750231967
