R_squared,MSE,RMSE,MAE
0.2341279687295169,166.88031206989172,12.918216288245514,8.592416750231981
