R_squared,MSE,RMSE,MAE
0.21861684271789616,170.26012154678395,13.048376203450909,8.99376676901423
