R_squared,MSE,RMSE,MAE
0.22862976256284406,168.07834819532232,12.964503391774107,9.0048392861787
