R_squared,MSE,RMSE,MAE
0.2414967170330492,165.27469263707596,12.85592052857655,9.061397990561339
