R_squared,MSE,RMSE,MAE
0.16258491101736883,182.46924508998396,13.508117747857543,9.697182508103607
