R_squared,MSE,RMSE,MAE
0.18300920713194058,178.01887639881568,13.342371468326599,9.545528348189091
