R_squared,MSE,RMSE,MAE
0.18706946613658337,177.13416294524384,13.309175892790803,9.665070917089352
