R_squared,MSE,RMSE,MAE
0.077520312509883,201.00446529051874,14.177604356537769,10.023015900410385
