R_squared,MSE,RMSE,MAE
0.05218217918127799,206.52553855667747,14.37099643576177,10.45302022554629
