R_squared,MSE,RMSE,MAE
0.10413401154630753,195.20545159215305,13.971594454182853,10.211874170738481
