R_squared,MSE,RMSE,MAE
0.06965533415777547,202.71821117525275,14.237914565527241,10.349193111225897
