R_squared,MSE,RMSE,MAE
0.1710460221929737,180.62560435655664,13.439702539734897,9.735455655200285
