R_squared,MSE,RMSE,MAE
0.07883153683382604,200.71875499501382,14.167524660116666,10.275372699668589
