R_squared,MSE,RMSE,MAE
0.12597077571890425,190.44731201931288,13.800264925693016,9.60732894693282
