R_squared,MSE,RMSE,MAE
0.05797384107055126,205.26355965677965,14.327022009363274,10.262812811830182
