R_squared,MSE,RMSE,MAE
0.05980889056768579,204.86371004712944,14.313060820353186,10.074944809186674
