R_squared,MSE,RMSE,MAE
0.06817848830081963,203.04000971002762,14.249210845167097,10.085438648020812
