R_squared,MSE,RMSE,MAE
0.10002608200761365,196.1005522556949,14.003590691522476,10.171830267903703
