R_squared,MSE,RMSE,MAE
0.11031628491505008,193.85836008475633,13.92330277214269,9.955960264643505
