R_squared,MSE,RMSE,MAE
0.11852969775755007,192.06869178202237,13.858884940067234,9.929150947257776
