R_squared,MSE,RMSE,MAE
0.005276350588926615,216.74612240591838,14.722300173747252,11.0536014008905
