R_squared,MSE,RMSE,MAE
0.017324583873767008,214.12086276935787,14.63286925962772,10.966107426703424
