R_squared,MSE,RMSE,MAE
0.2057191427610603,173.07047641796274,13.155625276586543,9.141659228453369
