R_squared,MSE,RMSE,MAE
0.020401265511206912,213.45046670992224,14.60994410358651,10.815037332847412
