R_squared,MSE,RMSE,MAE
0.04829350038422098,207.37286540071423,14.400446708373815,10.1246360465967
