R_squared,MSE,RMSE,MAE
0.09887103334509129,196.35223252783894,14.01257408643533,9.804595033268068
