R_squared,MSE,RMSE,MAE
0.06934873631039884,202.78501756373686,14.240260445783177,9.959583200771918
