R_squared,MSE,RMSE,MAE
0.0865889169215901,199.02845432201062,14.107744480320397,9.978294678997614
