R_squared,MSE,RMSE,MAE
0.06975485090457623,202.69652689239055,14.237153047305158,10.354473838271252
