R_squared,MSE,RMSE,MAE
0.04341820617501846,208.43517161617245,14.437284080330775,10.451079544257867
