R_squared,MSE,RMSE,MAE
0.061740608842870026,204.44279671509526,14.298349440235935,10.446521710710176
