R_squared,MSE,RMSE,MAE
0.09076270529786068,198.1190032932398,14.075475242180628,10.212790468172766
