R_squared,MSE,RMSE,MAE
0.11482228508271164,192.8765214962405,13.887999189812783,10.116523263187133
