R_squared,MSE,RMSE,MAE
0.1768885547215835,179.3525409571327,13.392256753704086,9.444765758992482
