R_squared,MSE,RMSE,MAE
0.2262296558033664,168.60132141887544,12.984657154460239,8.53122923824068
