R_squared,MSE,RMSE,MAE
0.17688855472159037,179.35254095713123,13.39225675370403,9.444765758992459
