R_squared,MSE,RMSE,MAE
0.08424332983780525,199.53954793627904,14.125846804219528,10.284794741344415
