R_squared,MSE,RMSE,MAE
0.10546516402752415,194.9153990345351,13.96121051465578,9.693430412488318
