R_squared,MSE,RMSE,MAE
0.11791074959538017,192.20355799757886,13.86374978126693,9.630826420824098
