R_squared,MSE,RMSE,MAE
0.1354373960044425,188.384575056746,13.72532604555338,9.625008948062659
