R_squared,MSE,RMSE,MAE
0.03767574518732397,209.68642984541728,14.480553506182604,10.294889106998752
