R_squared,MSE,RMSE,MAE
0.0653244138718806,203.66190058986817,14.2710161022216,10.19391153748598
