R_squared,MSE,RMSE,MAE
0.0701934047368874,202.60096784674408,14.233796677160457,10.138033446909109
