R_squared,MSE,RMSE,MAE
0.08997408484319502,198.2908403916138,14.081578050474805,10.141134540567098
