R_squared,MSE,RMSE,MAE
0.11188150734134972,193.51730466518922,13.91104973268334,10.047195965535348
