R_squared,MSE,RMSE,MAE
0.12620558586997888,190.3961478695743,13.798411063219355,9.993180527410031
