R_squared,MSE,RMSE,MAE
0.23266079346416768,167.20000342320637,12.930584032564282,8.52906237365966
