R_squared,MSE,RMSE,MAE
0.018156676029723595,213.9395533691091,14.626672669103835,10.998738827728127
