R_squared,MSE,RMSE,MAE
0.6444380900366246,77.47545291140032,8.802014139468325,6.670480753151827
