R_squared,MSE,RMSE,MAE
0.6221152301871338,82.33951069896018,9.074112116287752,6.729151316640246
