R_squared,MSE,RMSE,MAE
0.618671735634414,83.08983375830414,9.115362513817217,7.297683273097183
