R_squared,MSE,RMSE,MAE
0.5679606943961713,94.13955752637102,9.702554175389645,7.415785198721738
