R_squared,MSE,RMSE,MAE
0.5727492028496804,93.09616156406473,9.64863521769088,7.350282701426914
