R_squared,MSE,RMSE,MAE
0.6367750040052738,79.14520730393096,8.896359216214853,6.8740144711285645
