R_squared,MSE,RMSE,MAE
0.6734174155829349,71.16097909164114,8.435696716433156,6.636059196671287
