R_squared,MSE,RMSE,MAE
0.22622965580336718,168.60132141887527,12.984657154460232,8.531229238240668
