R_squared,MSE,RMSE,MAE
0.6483766455126683,76.61725814764009,8.753128477729554,6.626730262412303
