R_squared,MSE,RMSE,MAE
0.6466284327268568,76.99818640111974,8.77486104739669,6.658691219230073
