R_squared,MSE,RMSE,MAE
0.6205833777925047,82.67329492820885,9.092485629804914,6.587364262090559
