R_squared,MSE,RMSE,MAE
0.6243770080571291,81.84667876181338,9.046915428023707,6.937008991026618
