R_squared,MSE,RMSE,MAE
0.573070937576647,93.02605691283361,9.64500165437174,7.063949590189486
