R_squared,MSE,RMSE,MAE
0.5778884349367501,91.97634438903737,9.590429833382723,7.02349785089869
