R_squared,MSE,RMSE,MAE
0.6661190533373819,72.75126169683901,8.52943501627388,6.702008404696599
