R_squared,MSE,RMSE,MAE
0.6231164492274293,82.12134925804993,9.06208305292166,6.758778506955964
