R_squared,MSE,RMSE,MAE
0.6248188329846871,81.75040695819517,9.041593164824171,6.717124084807717
