R_squared,MSE,RMSE,MAE
0.616611164591105,83.53882356953821,9.139957525587207,7.326305174956847
