R_squared,MSE,RMSE,MAE
0.23674721901147555,166.3095883894391,12.896107489837355,8.254012968983286
