R_squared,MSE,RMSE,MAE
0.23674721901147444,166.30958838943934,12.896107489837364,8.25401296898329
