R_squared,MSE,RMSE,MAE
0.18522725080662206,177.53557395989324,13.324247594513292,9.367672425285049
