R_squared,MSE,RMSE,MAE
0.6217056682378777,82.42875253455827,9.079028171261408,7.25931745153404
