R_squared,MSE,RMSE,MAE
0.57133222866605,93.4049143116575,9.664621788340064,7.378385360846414
