R_squared,MSE,RMSE,MAE
0.42722300290191817,124.80571181535355,11.171647676835926,7.821669901455791
