R_squared,MSE,RMSE,MAE
0.4146739970619191,127.54008769701613,11.293364764188578,8.544214500804276
