R_squared,MSE,RMSE,MAE
0.46472803514977545,116.63352216725903,10.79970009617207,8.007608240148468
