R_squared,MSE,RMSE,MAE
0.4218228979270906,125.98237210142571,11.224186923845563,8.247821135258848
