R_squared,MSE,RMSE,MAE
0.42694691919055505,124.86586930123701,11.174339770261016,8.202260347983975
