R_squared,MSE,RMSE,MAE
0.4415681086787543,121.67997327030861,11.03086457492379,7.544180359384756
