R_squared,MSE,RMSE,MAE
0.4125849895483712,127.99527369616916,11.31349962196354,8.076399586264117
