R_squared,MSE,RMSE,MAE
0.36652582977071735,138.03137195219398,11.748675327550506,7.5924228160112035
