R_squared,MSE,RMSE,MAE
0.1975827320419521,174.8433662800996,13.22283503187193,9.039644183386008
