R_squared,MSE,RMSE,MAE
0.20792892608933322,172.5889738739708,13.137312277401751,9.127477458157118
