R_squared,MSE,RMSE,MAE
0.37136800861063013,136.97628143718669,11.703686660073684,7.563213417737975
