R_squared,MSE,RMSE,MAE
0.46069525473947726,117.51224815006256,10.840306644650905,8.197756752980878
