R_squared,MSE,RMSE,MAE
0.42636263109901906,124.99318323238094,11.180035028226921,8.088039863545788
