R_squared,MSE,RMSE,MAE
0.4307175363674469,124.0442675903977,11.137516221779329,8.088353748382405
