R_squared,MSE,RMSE,MAE
0.35360608495058243,140.84653030687483,11.867878087799639,8.881083196851538
