R_squared,MSE,RMSE,MAE
0.36185538263871664,139.04904284637885,11.791905819093827,8.812379068159403
