R_squared,MSE,RMSE,MAE
0.31889058006135906,148.41089361175625,12.1824009789432,8.453561626813121
