R_squared,MSE,RMSE,MAE
0.41683932386132094,127.06827204470926,11.272456344768395,8.010506122274975
