R_squared,MSE,RMSE,MAE
0.46733074905364236,116.06640169442305,10.773411794525588,7.621696404523816
