R_squared,MSE,RMSE,MAE
0.4250793087526381,125.27281380368548,11.192533841971866,7.684169913513144
