R_squared,MSE,RMSE,MAE
0.13843017411702463,187.7324612244193,13.701549592086995,9.369611245483343
