R_squared,MSE,RMSE,MAE
0.18522725080662217,177.5355739598932,13.32424759451329,9.36767242528505
