R_squared,MSE,RMSE,MAE
0.43270416367495446,123.61138980989766,11.118065920379212,7.730802466312495
