R_squared,MSE,RMSE,MAE
0.45079785885743706,119.66884931322843,10.939325816211364,8.384693567133032
