R_squared,MSE,RMSE,MAE
0.4109122065124813,128.35976612265384,11.32959690909848,8.457076141276493
