R_squared,MSE,RMSE,MAE
0.4198852092894466,126.40458635046664,11.242979424977467,8.479166637333341
