R_squared,MSE,RMSE,MAE
0.45785843257290126,118.13037983409816,10.868780052705922,8.056939434535968
