R_squared,MSE,RMSE,MAE
0.4709665251011602,115.27418130165128,10.736581453221099,7.947550397275889
