R_squared,MSE,RMSE,MAE
0.4280786512461743,124.61926962020684,11.163300122284934,8.149503690466837
