R_squared,MSE,RMSE,MAE
0.4753151583126982,114.32663231462911,10.692363270794212,7.711218489678433
