R_squared,MSE,RMSE,MAE
0.4371901040721916,122.6339221614499,11.074020144529714,7.433082547384334
