R_squared,MSE,RMSE,MAE
0.44546272099118644,120.83135353809072,10.992331578791223,7.50254441516101
