R_squared,MSE,RMSE,MAE
0.19758273204195131,174.84336628009973,13.222835031871938,9.039644183386013
