R_squared,MSE,RMSE,MAE
0.40083629016039823,130.55526614951395,11.426078336398449,8.122651426456315
