R_squared,MSE,RMSE,MAE
0.41763053434402675,126.89587059005909,11.264806726706814,8.022336093248878
