R_squared,MSE,RMSE,MAE
0.37010297366719935,137.2519272598822,11.715456767018612,7.595131923610789
