R_squared,MSE,RMSE,MAE
0.45518968938798243,118.71188781108339,10.895498511361625,8.215922299999328
