R_squared,MSE,RMSE,MAE
0.4664141867732958,116.26611678144874,10.782676698364314,8.121292585533375
