R_squared,MSE,RMSE,MAE
0.43118063174772325,123.94336104410375,11.132985270991053,8.041412575164232
