R_squared,MSE,RMSE,MAE
0.3600059948929435,139.45201670043235,11.80898034126708,8.819323364379338
