R_squared,MSE,RMSE,MAE
0.19724001892297827,174.9180420351992,13.225658472650773,9.094433530480664
