R_squared,MSE,RMSE,MAE
0.1835104839213585,177.90965028317765,13.33827763555616,9.387182364859243
