R_squared,MSE,RMSE,MAE
0.2277247516271821,168.27554629265904,12.972106470911308,8.941645251271613
