R_squared,MSE,RMSE,MAE
0.14129415248524146,187.10841231763703,13.67875770374039,9.361108721136684
