R_squared,MSE,RMSE,MAE
0.17480417615033295,179.80671832912142,13.409202747707315,8.831860250764542
