R_squared,MSE,RMSE,MAE
0.20573056404061008,173.0679877689226,13.155530691269075,9.13805168365594
