R_squared,MSE,RMSE,MAE
0.21203057747744747,171.69524119317953,13.103253076743176,9.113002319056887
