R_squared,MSE,RMSE,MAE
0.2258613078080356,168.68158290630586,12.987747414632988,8.955200970868585
