R_squared,MSE,RMSE,MAE
0.18198097926008983,178.24292295114734,13.350764882625539,9.284475599066274
