R_squared,MSE,RMSE,MAE
0.18270660297691854,178.08481257844082,13.344842171357472,9.366445915659922
