R_squared,MSE,RMSE,MAE
0.18925225018952385,176.65854343041232,13.291295776951634,9.351732255130747
