R_squared,MSE,RMSE,MAE
0.22060031116750567,169.8279320682068,13.031804635897776,8.993324282137173
