R_squared,MSE,RMSE,MAE
0.22717075952597177,168.39625885423524,12.976758410875778,9.057786824179805
