R_squared,MSE,RMSE,MAE
0.23303822332485713,167.11776303530257,12.927403568980996,9.077569799876706
