R_squared,MSE,RMSE,MAE
0.17162121724835855,180.500271759955,13.435038956398861,9.614391983164989
