R_squared,MSE,RMSE,MAE
0.13806606633844354,187.8117987863562,13.704444490250461,9.189035359051145
