R_squared,MSE,RMSE,MAE
0.13705141013064748,188.0328881298589,13.7125084550515,9.403163242413282
