R_squared,MSE,RMSE,MAE
0.1796749513693935,178.7453967827128,13.369569805446725,9.51665528295825
