R_squared,MSE,RMSE,MAE
0.18058415270676909,178.5472856143706,13.362158718349763,9.642333962653419
