R_squared,MSE,RMSE,MAE
0.1728394962768245,180.23481385555635,13.42515600861146,9.217633912070205
