R_squared,MSE,RMSE,MAE
0.21601209662065235,170.82768482605633,13.07010653461005,8.92468262130755
