R_squared,MSE,RMSE,MAE
0.1969371631208271,174.98403304768118,13.228153047484792,9.054751632937686
