R_squared,MSE,RMSE,MAE
0.20678724564991735,172.83774126621745,13.1467768394469,9.085323725576428
