R_squared,MSE,RMSE,MAE
0.19977887619629509,174.36483565505603,13.204727776635762,9.088319479208096
