R_squared,MSE,RMSE,MAE
0.1830937933059158,178.00044542531953,13.341680757135494,9.240761452050043
