R_squared,MSE,RMSE,MAE
0.19349343389079343,175.7344072422302,13.2564854785207,9.352068537185623
