R_squared,MSE,RMSE,MAE
0.2226799004364366,169.3747982651605,13.014407334379868,8.940756667605804
