R_squared,MSE,RMSE,MAE
0.050938442496673675,206.79654357786256,14.38042223225252,10.149773676436194
