R_squared,MSE,RMSE,MAE
0.1748041761503336,179.80671832912128,13.40920274770731,8.831860250764477
