R_squared,MSE,RMSE,MAE
0.23715102751276762,166.22160020608646,12.892695614420068,8.895611477857887
