R_squared,MSE,RMSE,MAE
0.21752055706505025,170.49899760491755,13.057526473452679,9.125422934645863
