R_squared,MSE,RMSE,MAE
0.21556706748994459,170.92465481213807,13.073815617949416,8.884651723224962
