R_squared,MSE,RMSE,MAE
0.22465520962520324,168.94438665539187,12.997860849208683,8.900910683855367
