R_squared,MSE,RMSE,MAE
0.2366147852410333,166.33844515406508,12.897226258155863,8.982703014865269
