R_squared,MSE,RMSE,MAE
0.17314679497163155,180.1678547553487,13.422661984693972,9.335545462514796
