R_squared,MSE,RMSE,MAE
0.19045768308733957,176.39588464414865,13.281411244447957,9.241303481151444
