R_squared,MSE,RMSE,MAE
0.192961400661248,175.85033505752176,13.260857251984946,9.358347227757308
