R_squared,MSE,RMSE,MAE
0.21853608449919404,170.27771842483793,13.049050479817982,8.995846629558201
