R_squared,MSE,RMSE,MAE
0.2317886066503131,167.39004928170033,12.9379306414009,8.957857387608673
