R_squared,MSE,RMSE,MAE
0.06675116216813859,203.35101810401767,14.260119848865846,10.246606123929656
