R_squared,MSE,RMSE,MAE
0.07014639929685806,202.6112101355088,14.2341564602722,10.067287950807623
