R_squared,MSE,RMSE,MAE
0.06787375051818478,203.10641079818492,14.25154064647696,10.33018062535099
