R_squared,MSE,RMSE,MAE
0.24098213241131372,165.38681847371103,12.860280652991637,9.07528772040998
