R_squared,MSE,RMSE,MAE
0.18269129432947195,178.08814826868533,13.344967151277867,9.558262429402902
