R_squared,MSE,RMSE,MAE
0.05607964061476922,205.67629801289831,14.341418967901967,10.187761738496565
