R_squared,MSE,RMSE,MAE
0.11045285931726379,193.82860109378709,13.922234055416073,9.851889632014887
