R_squared,MSE,RMSE,MAE
0.0740432074616787,201.76211193624042,14.20429906529148,10.05312325336534
