R_squared,MSE,RMSE,MAE
0.08086686401343901,200.2752657160873,14.151864390110841,10.018016306781082
