R_squared,MSE,RMSE,MAE
0.0819871658173762,200.03115663908736,14.143237134372292,10.37307887553976
