R_squared,MSE,RMSE,MAE
0.04953406389661208,207.1025518004814,14.39105805006989,10.472413531715688
