R_squared,MSE,RMSE,MAE
0.05648491102401454,205.5879912859176,14.338339906904062,10.434850362039146
