R_squared,MSE,RMSE,MAE
0.10023477053881413,196.05507989766352,14.001967001020375,10.23976447664839
