R_squared,MSE,RMSE,MAE
0.0509384424966729,206.79654357786274,14.380422232252526,10.149773676436249
