R_squared,MSE,RMSE,MAE
0.10947821916399891,194.0409711063894,13.929858976543496,10.169448963948787
