R_squared,MSE,RMSE,MAE
0.07412110665689131,201.7451380274459,14.203701560770908,10.320391485643384
