R_squared,MSE,RMSE,MAE
0.1141247341539049,193.0285149258619,13.893470226184023,9.815638252884629
