R_squared,MSE,RMSE,MAE
0.12247457439261589,191.2091196641518,13.827838575285432,9.617579170992315
