R_squared,MSE,RMSE,MAE
0.12884200538618895,189.82168308479498,13.77757899940316,9.619812944504933
