R_squared,MSE,RMSE,MAE
0.054928106203504634,205.92721254439292,14.350164199213642,10.278591892271786
