R_squared,MSE,RMSE,MAE
0.06256617987955493,204.2629082394588,14.292057522955146,10.23816785542254
