R_squared,MSE,RMSE,MAE
0.06367619806600999,204.02103991969318,14.283593382608355,10.069842435753367
