R_squared,MSE,RMSE,MAE
0.09706851151908569,196.74499449400915,14.026581710951858,10.193060852233153
