R_squared,MSE,RMSE,MAE
0.1046344912906344,195.09639914930645,13.967691260523567,10.160400973600776
