R_squared,MSE,RMSE,MAE
0.07014639929685773,202.61121013550886,14.234156460272201,10.067287950807621
