R_squared,MSE,RMSE,MAE
0.11408462470366476,193.0372546072966,13.893784747407619,9.948001370002487
