R_squared,MSE,RMSE,MAE
0.012362782610505718,215.20201851004765,14.669765455181881,10.993942071839216
