R_squared,MSE,RMSE,MAE
0.07729913629889218,201.05265866174207,14.179303884949432,10.01014320501703
