R_squared,MSE,RMSE,MAE
0.04801611433106234,207.4333066614274,14.402545145266075,10.13900947718842
