R_squared,MSE,RMSE,MAE
0.06408429074395383,203.93211823216825,14.280480322179931,10.17872516868249
