R_squared,MSE,RMSE,MAE
0.0982077605403272,196.49675689761239,14.017730090767634,9.818202717763516
