R_squared,MSE,RMSE,MAE
0.11930426780840575,191.89991620786756,13.852794527021166,9.768121485666098
