R_squared,MSE,RMSE,MAE
0.08592897337654815,199.1722532600165,14.112840013973676,9.996460306053233
