R_squared,MSE,RMSE,MAE
0.06943004227657279,202.7673013337999,14.239638384938008,10.361673159075817
