R_squared,MSE,RMSE,MAE
0.09155180209664471,197.94706240147494,14.069366098068347,10.326469574285523
