R_squared,MSE,RMSE,MAE
0.16372206268363643,182.221464498463,13.498943088200017,8.763774101727568
