R_squared,MSE,RMSE,MAE
0.12630776970817925,190.37388243865226,13.797604228222095,9.426817507738887
