R_squared,MSE,RMSE,MAE
0.13526600816858447,188.42191974928625,13.726686408208145,9.484325423026934
