R_squared,MSE,RMSE,MAE
0.06148451164918933,204.49859922237673,14.300300668950172,10.465428233307145
