R_squared,MSE,RMSE,MAE
0.11403423971397653,193.04823328579576,13.894179834945126,10.136638015774938
