R_squared,MSE,RMSE,MAE
0.10497451074463826,195.02231033253653,13.9650388589698,9.724732324132852
