R_squared,MSE,RMSE,MAE
0.12396352500337982,190.88468355415472,13.816102328593065,9.693125051034695
