R_squared,MSE,RMSE,MAE
0.13554179766759178,188.36182637104446,13.724497308500755,9.664062187190638
