R_squared,MSE,RMSE,MAE
0.06492556501618196,203.74880808719155,14.274060672674457,10.210986202481457
