R_squared,MSE,RMSE,MAE
0.11143254009942716,193.61513274923206,13.914565489056137,10.080500513894663
