R_squared,MSE,RMSE,MAE
0.635165709375971,79.49586587218413,8.916045416673478,6.885796557310372
