R_squared,MSE,RMSE,MAE
0.6757274576832231,70.65763058059657,8.40580933525122,6.615615490285671
