R_squared,MSE,RMSE,MAE
0.1758997294303597,179.5680018519617,13.400298573239393,8.772153131264393
