R_squared,MSE,RMSE,MAE
0.645224416253462,77.30411571785261,8.792275912291004,6.670277702794166
