R_squared,MSE,RMSE,MAE
0.6483234668660145,76.62884555230652,8.753790353458696,6.622742128992824
