R_squared,MSE,RMSE,MAE
0.6198224775232813,82.8390919141249,9.10159831645656,6.555592529963608
