R_squared,MSE,RMSE,MAE
0.6274295261247687,81.18154784316417,9.01008034609926,6.88359457150278
