R_squared,MSE,RMSE,MAE
0.5750477643593872,92.59531462568603,9.622645926442791,7.038106226016652
