R_squared,MSE,RMSE,MAE
0.578925906729608,91.75028362498436,9.578636835426238,6.996966750407795
