R_squared,MSE,RMSE,MAE
0.6671722493022327,72.52177470148091,8.515971741467965,6.665885042819942
