R_squared,MSE,RMSE,MAE
0.6224923060709628,82.25734744113363,9.069583642104726,6.732157055466425
