R_squared,MSE,RMSE,MAE
0.6254372215510109,81.61566267623287,9.034138734612883,6.675612188219625
