R_squared,MSE,RMSE,MAE
0.6195179688751897,82.90544307482364,9.105242614824913,7.299141046643118
