R_squared,MSE,RMSE,MAE
0.16372206268363676,182.22146449846295,13.498943088200015,8.763774101727565
