R_squared,MSE,RMSE,MAE
0.6244943583437865,81.82110862521183,9.045502121231957,7.219519999052545
