R_squared,MSE,RMSE,MAE
0.5729322039202956,93.05628639624756,9.646568633262687,7.349762521962661
