R_squared,MSE,RMSE,MAE
0.6293856695378113,80.75531237575784,8.98639596143848,6.775296822528344
