R_squared,MSE,RMSE,MAE
0.6686624461284805,72.19706704634268,8.496885726331895,6.513577090587952
