R_squared,MSE,RMSE,MAE
0.6411233433332776,78.19772235290161,8.842947605459484,6.518384252303374
