R_squared,MSE,RMSE,MAE
0.6390473243535315,78.6500782048686,8.868487932272819,6.55740969054132
