R_squared,MSE,RMSE,MAE
0.6650778767579506,72.97812971838971,8.542723788019234,6.876545971012613
