R_squared,MSE,RMSE,MAE
0.6386825160180565,78.72956841522239,8.872968410584047,6.845238610280824
