R_squared,MSE,RMSE,MAE
0.6372587275473351,79.039805967469,8.890433395930089,6.895564761542082
