R_squared,MSE,RMSE,MAE
0.6760949897677684,70.57754687671347,8.401044392021356,6.619237292972696
