R_squared,MSE,RMSE,MAE
0.5613676894243695,95.57614573203698,9.776305321134206,7.3652193329183255
