R_squared,MSE,RMSE,MAE
0.07752031250987668,201.00446529052013,14.177604356537818,10.023015900410527
