R_squared,MSE,RMSE,MAE
0.6770962863421368,70.35936854145304,8.388049149918773,6.5982291475507315
