R_squared,MSE,RMSE,MAE
0.6484224537158709,76.60727673177203,8.752558296393806,6.641244017995677
