R_squared,MSE,RMSE,MAE
0.6651562239095561,72.96105820177092,8.541724544948222,6.5174982539371324
