R_squared,MSE,RMSE,MAE
0.6210603972587729,82.5693543818199,9.086768093322284,6.585566050513807
