R_squared,MSE,RMSE,MAE
0.6222777582730481,82.30409650887349,9.07216052045341,6.561186894610415
