R_squared,MSE,RMSE,MAE
0.6267439809287977,81.33092527381909,9.018365997996483,6.911648639563299
