R_squared,MSE,RMSE,MAE
0.629853205020181,80.65343834979011,8.980725936681852,6.886482702800019
