R_squared,MSE,RMSE,MAE
0.5780373874089675,91.9438882683902,9.588737574279014,7.020618871071031
