R_squared,MSE,RMSE,MAE
0.6689029682414727,72.14465828399467,8.493801168145783,6.664485402394099
