R_squared,MSE,RMSE,MAE
0.6687815412314111,72.17111672157357,8.495358539907164,6.639275532429757
