R_squared,MSE,RMSE,MAE
0.641287590907492,78.16193349350671,8.840923791861725,6.701146055881811
