R_squared,MSE,RMSE,MAE
0.6997542633361234,65.42229012985933,8.088404671494827,6.355399884033732
