R_squared,MSE,RMSE,MAE
0.6252216566285826,81.66263337114971,9.036737982875774,6.719592386351198
