R_squared,MSE,RMSE,MAE
0.6237631977871004,81.98042545216342,9.054304250032876,7.233132760969148
