R_squared,MSE,RMSE,MAE
0.41939668805914854,126.51103308312727,11.247712348879094,8.130355546099574
