R_squared,MSE,RMSE,MAE
0.4727162957463221,114.89291359713549,10.718811202607101,7.564038811764658
