R_squared,MSE,RMSE,MAE
0.4273204309641794,124.78448264811585,11.170697500519646,7.821129064386247
