R_squared,MSE,RMSE,MAE
0.4306849448426784,124.05136914731862,11.137835029632942,7.79613092758722
