R_squared,MSE,RMSE,MAE
0.4576190527221935,118.18253970227234,10.871179315155846,8.34911801331656
