R_squared,MSE,RMSE,MAE
0.4154406437417324,127.37303859226901,11.2859664447609,8.539027920854604
