R_squared,MSE,RMSE,MAE
0.41918876484471324,126.55633868183675,11.24972616030438,8.519541487097433
