R_squared,MSE,RMSE,MAE
0.4646738830868201,116.64532167526588,10.800246371044777,8.008342694667581
