R_squared,MSE,RMSE,MAE
0.56136768942437,95.57614573203688,9.7763053211342,7.365219332918326
