R_squared,MSE,RMSE,MAE
0.47036846254410924,115.40449663121413,10.742648492397679,7.941763125089987
