R_squared,MSE,RMSE,MAE
0.42651078938274845,124.96090016208333,11.17859115282795,8.205712666642503
