R_squared,MSE,RMSE,MAE
0.4794796639801169,113.41920394928877,10.649845254710923,7.674760645349486
