R_squared,MSE,RMSE,MAE
0.44149417244346323,121.69608366671278,11.031594792536245,7.544757260623504
