R_squared,MSE,RMSE,MAE
0.4445546962565826,121.02920832961053,11.001327571234778,7.545261816154085
