R_squared,MSE,RMSE,MAE
0.4127940698022171,127.94971598341189,11.311486020121842,8.074286655394094
