R_squared,MSE,RMSE,MAE
0.4173679567781764,126.95308514332976,11.267345967144603,8.03290197197393
