R_squared,MSE,RMSE,MAE
0.3706383309967225,137.13527513710977,11.710477152409707,7.566455267074492
