R_squared,MSE,RMSE,MAE
0.4613637782069344,117.36657968285112,10.833585726012007,8.192779123597811
