R_squared,MSE,RMSE,MAE
0.46543960998990486,116.47847298602063,10.79251930672448,8.142044375674631
