R_squared,MSE,RMSE,MAE
0.6412875909074931,78.1619334935065,8.840923791861714,6.7011460558818134
