R_squared,MSE,RMSE,MAE
0.7015480888944738,65.03142304403579,8.06420628729423,6.3844431225477605
