R_squared,MSE,RMSE,MAE
0.43033864798585175,124.12682578390604,11.141221916105344,8.09258123837136
