R_squared,MSE,RMSE,MAE
0.3611357381339054,139.20585037379703,11.798552893206736,8.8178825134011
