R_squared,MSE,RMSE,MAE
0.4594982032126208,117.77308067065242,10.852330656161026,7.987857024918214
