R_squared,MSE,RMSE,MAE
0.4169059850489929,127.05374685075067,11.271812048235663,8.008886905988987
