R_squared,MSE,RMSE,MAE
0.4239371344020133,125.5216888171186,11.203646228666747,8.067663669976799
