R_squared,MSE,RMSE,MAE
0.46751847565453186,116.02549685332541,10.771513210933987,7.618075573970329
