R_squared,MSE,RMSE,MAE
0.47801567682890855,113.73820062586759,10.664811326313634,7.520827403302725
