R_squared,MSE,RMSE,MAE
0.4325131527139553,123.65301029932516,11.119937513283299,7.73565044625981
