R_squared,MSE,RMSE,MAE
0.45101186579308195,119.62221809711482,10.93719425159464,8.382135352284845
