R_squared,MSE,RMSE,MAE
0.4628463361801437,117.04353650183764,10.818666114722168,8.316505485265164
