R_squared,MSE,RMSE,MAE
0.699988801419564,65.3711852625202,8.08524491048479,6.425323794719975
