R_squared,MSE,RMSE,MAE
0.5689032907792684,93.93416971725325,9.691964182623316,7.006423820822892
