R_squared,MSE,RMSE,MAE
0.5689032907792754,93.93416971725175,9.69196418262324,7.006423820822964
