R_squared,MSE,RMSE,MAE
0.419787718831406,126.42582911348367,11.243924097639741,8.481178711560965
