R_squared,MSE,RMSE,MAE
0.4708260172153187,115.30479738224977,10.738007142028254,7.9493334748152575
