R_squared,MSE,RMSE,MAE
0.47571105009887305,114.2403691503859,10.688328641578435,7.708643550372062
