R_squared,MSE,RMSE,MAE
0.4841475151369582,112.40209870723251,10.601985602104566,7.612843947186478
