R_squared,MSE,RMSE,MAE
0.4451742842692492,120.89420269330724,10.995189979864252,7.514141590512017
