R_squared,MSE,RMSE,MAE
0.4175522191717216,126.91293513852212,11.265564128729734,8.022693750990411
