R_squared,MSE,RMSE,MAE
0.466563431827718,116.23359690836297,10.781168624428567,8.120414203741854
