R_squared,MSE,RMSE,MAE
0.1729526688509576,180.21015402503903,13.424237558425396,9.348222179443711
