R_squared,MSE,RMSE,MAE
0.22080363736968422,169.78362813923937,13.030104686426712,8.895625970336116
