R_squared,MSE,RMSE,MAE
0.19540714451023833,175.3174177030579,13.24074838153259,9.10203004618399
