R_squared,MSE,RMSE,MAE
0.7015480888944741,65.03142304403572,8.064206287294226,6.384443122547748
