R_squared,MSE,RMSE,MAE
0.20093925158754788,174.1119947110027,13.195150423962687,9.074452674127519
