R_squared,MSE,RMSE,MAE
0.20445085190786283,173.3468316897774,13.166124398993707,9.181867364930811
