R_squared,MSE,RMSE,MAE
0.18234460269593988,178.16369092546557,13.34779723120881,9.394669217045664
