R_squared,MSE,RMSE,MAE
0.18753075575370082,177.03364986718893,13.305399275000692,9.383439942672656
