R_squared,MSE,RMSE,MAE
0.22620596727766196,168.60648304954037,12.984855911774314,8.949764223565806
