R_squared,MSE,RMSE,MAE
0.23237684104308942,167.26187546802296,12.932976280347187,8.884744211851778
