R_squared,MSE,RMSE,MAE
0.20981035232821654,172.17901896628146,13.121700307745238,9.124061335907431
