R_squared,MSE,RMSE,MAE
0.217739689554047,170.45124955216812,13.055697972615945,8.912785654745928
