R_squared,MSE,RMSE,MAE
0.22381487009696277,169.12749312356357,13.004902657212147,8.947638624734713
