R_squared,MSE,RMSE,MAE
0.22894962462350044,168.00865159024707,12.961815134858508,8.980178953092413
