R_squared,MSE,RMSE,MAE
0.6999888014195648,65.37118526252002,8.085244910484779,6.425323794719975
