R_squared,MSE,RMSE,MAE
0.18058074604877938,178.54802791089693,13.362186494391437,9.292506108042854
