R_squared,MSE,RMSE,MAE
0.18673963893056544,177.20603091381048,13.311875559582521,9.23689544083504
