R_squared,MSE,RMSE,MAE
0.18671019572773573,177.21244646454994,13.312116528356787,9.351822026690245
