R_squared,MSE,RMSE,MAE
0.21941006346370884,170.08728206421145,13.041751495263643,8.995119788682258
