R_squared,MSE,RMSE,MAE
0.2249412198709152,168.8820662191952,12.995463293749676,8.949339119125154
