R_squared,MSE,RMSE,MAE
0.23066108485512338,167.6357315645939,12.94742181148795,9.07722978352101
