R_squared,MSE,RMSE,MAE
0.17767501607192449,179.18117431855984,13.385857250044161,9.531712515095252
