R_squared,MSE,RMSE,MAE
0.19277437443513368,175.8910872898855,13.262393723980807,9.081223447959616
