R_squared,MSE,RMSE,MAE
0.17248782991622702,180.3114404845555,13.428009550359857,9.227060858924283
