R_squared,MSE,RMSE,MAE
0.18217706976061165,178.2001956513049,13.349164604997007,9.327322349938218
