R_squared,MSE,RMSE,MAE
0.7029198477346357,64.73252253065486,8.04565239931821,6.163590538583052
