R_squared,MSE,RMSE,MAE
0.7029198477346414,64.73252253065361,8.045652399318131,6.163590538583066
