R_squared,MSE,RMSE,MAE
0.21585461360614755,170.8619997161858,13.071419192887427,8.930336298334018
