R_squared,MSE,RMSE,MAE
0.2294099317087439,167.9083526017777,12.957945539389247,8.880853907724921
