R_squared,MSE,RMSE,MAE
0.20618532027122127,172.9688982884591,13.151764075152013,9.102334951102463
