R_squared,MSE,RMSE,MAE
0.19974318494456966,174.37261262951512,13.205022250246877,9.08947168877762
