R_squared,MSE,RMSE,MAE
0.2137180771297541,171.32754207753536,13.089214723486483,9.124029186790954
