R_squared,MSE,RMSE,MAE
0.19309952041364498,175.82023934121156,13.259722445858795,9.363275838770013
