R_squared,MSE,RMSE,MAE
0.2369097015966669,166.2741841137696,12.894734743831282,8.906448515098703
