R_squared,MSE,RMSE,MAE
0.21550932662929256,170.93723630415158,13.074296780483131,8.886058411723202
