R_squared,MSE,RMSE,MAE
0.2276873342133987,168.28369939061022,12.972420722078445,8.891507154624788
