R_squared,MSE,RMSE,MAE
0.2361275703147082,166.4446072485541,12.901341296491388,8.987601490011325
