R_squared,MSE,RMSE,MAE
0.6444380900365867,77.47545291140857,8.802014139468794,6.670480753151748
