R_squared,MSE,RMSE,MAE
0.1902198027154861,176.4477177821526,13.28336244262546,9.253278833349782
