R_squared,MSE,RMSE,MAE
0.23168413062181004,167.41281417130136,12.938810384703123,8.961276197248997
