R_squared,MSE,RMSE,MAE
0.08884593953999609,198.5366585342945,14.090303706247587,10.029089218285023
