R_squared,MSE,RMSE,MAE
0.05420573238732962,206.08461477734093,14.355647487220523,10.203583450012218
