R_squared,MSE,RMSE,MAE
0.05935815764278196,204.9619228661083,14.316491290330474,10.189964857883014
