R_squared,MSE,RMSE,MAE
0.10765239020087158,194.43881160024773,13.944131798009073,9.86953142200454
