R_squared,MSE,RMSE,MAE
0.11462329426777074,192.91988076246324,13.88956013567252,9.834967009938289
