R_squared,MSE,RMSE,MAE
0.07737073721795207,201.03705712097633,14.17875372241779,10.048813958358938
