R_squared,MSE,RMSE,MAE
0.08000968434468658,200.46204158043642,14.158461836669844,10.388880037881602
