R_squared,MSE,RMSE,MAE
0.08711023050625466,198.9148622724997,14.103718030097586,10.3536173359815
