R_squared,MSE,RMSE,MAE
0.5748719246400753,92.6336293650092,9.62463658352923,7.036893346408445
