R_squared,MSE,RMSE,MAE
0.5748719246400753,92.63362936500921,9.624636583529231,7.036893346408458
