R_squared,MSE,RMSE,MAE
0.053812843357832874,206.17022365346412,14.358628891835881,10.454523240578167
