R_squared,MSE,RMSE,MAE
0.1055514019856093,194.89660814419062,13.960537530632214,10.197961866261693
