R_squared,MSE,RMSE,MAE
0.11196979636601023,193.4980668560173,13.910358257644456,9.828559441910693
