R_squared,MSE,RMSE,MAE
0.11765962163848365,192.25827772895073,13.865723123189454,9.822114505583595
