R_squared,MSE,RMSE,MAE
0.12532594950652853,190.58781695376464,13.805354647880822,9.63031480073858
