R_squared,MSE,RMSE,MAE
0.05949550817324978,204.9319947600389,14.315446020297058,10.25431430971945
