R_squared,MSE,RMSE,MAE
0.10164823951580892,195.74709091993483,13.99096461720688,10.182176889214738
