R_squared,MSE,RMSE,MAE
0.07708511571931864,201.09929285081068,14.180948235248962,10.012747332232879
