R_squared,MSE,RMSE,MAE
0.09677863249148089,196.80815792159765,14.028833091943095,9.998402118955346
