R_squared,MSE,RMSE,MAE
0.06394757351925706,203.96190834355914,14.281523320134976,10.191382988237558
