R_squared,MSE,RMSE,MAE
0.6391575691367102,78.62605632775369,8.867133489902681,6.5374038275941455
