R_squared,MSE,RMSE,MAE
0.639157569136719,78.62605632775177,8.867133489902573,6.537403827594183
