R_squared,MSE,RMSE,MAE
0.5110169971684082,106.54735096415803,10.322177627039656,7.625926991264928
