R_squared,MSE,RMSE,MAE
0.11874294426362852,192.0222262603305,13.857208458428072,9.782179338046824
