R_squared,MSE,RMSE,MAE
0.091318411703326,197.99791719193715,14.07117326991382,10.334661790235389
