R_squared,MSE,RMSE,MAE
0.12356907330723865,190.97063292880333,13.81921245689505,9.715439215922197
