R_squared,MSE,RMSE,MAE
0.6274215188459784,81.18329259571912,9.010177167831891,6.798253086395918
