R_squared,MSE,RMSE,MAE
0.6705718805210574,71.78100927911801,8.472367395192327,6.480526282982978
