R_squared,MSE,RMSE,MAE
0.6375177359632092,78.98336911704882,8.887258807812948,6.563762197957612
