R_squared,MSE,RMSE,MAE
0.6404803235947503,78.33783366425807,8.850866266318686,6.53176044527988
