R_squared,MSE,RMSE,MAE
0.6674016679776125,72.4717853317444,8.513036199367674,6.836199543742431
