R_squared,MSE,RMSE,MAE
0.6361417720351309,79.28318590149742,8.904110618219958,6.871644771577528
