R_squared,MSE,RMSE,MAE
0.638981003301363,78.6645292847237,8.869302638016345,6.862161631744593
