R_squared,MSE,RMSE,MAE
0.5256283511652591,103.36359804565386,10.166788974187172,7.462874555651289
