R_squared,MSE,RMSE,MAE
0.5206956005502585,104.43842377160273,10.219511914548695,7.547585767256541
