R_squared,MSE,RMSE,MAE
0.6765289969424673,70.48297852874262,8.39541413682152,6.624898471747382
