R_squared,MSE,RMSE,MAE
0.6801765788467014,69.68818568917476,8.34794499797254,6.5562953758924305
