R_squared,MSE,RMSE,MAE
0.6491051740733125,76.45851482161673,8.744055970864821,6.6233468220239695
