R_squared,MSE,RMSE,MAE
0.6658629219251478,72.80707166020014,8.532705998697022,6.491124715544298
