R_squared,MSE,RMSE,MAE
0.6201327501656448,82.77148480318432,9.09788353427237,6.558516693549128
