R_squared,MSE,RMSE,MAE
0.622878908175228,82.173108459721,9.064938414557542,6.51277612417506
