R_squared,MSE,RMSE,MAE
0.6281926041813002,81.01527632650307,9.000848644794727,6.886671219289913
