R_squared,MSE,RMSE,MAE
0.6321962662633996,80.14289510561579,8.952256425372086,6.8454082965122725
