R_squared,MSE,RMSE,MAE
0.5791007472005312,91.71218661770533,9.576647984430947,6.998043854099646
