R_squared,MSE,RMSE,MAE
0.6682473303705635,72.28751903361712,8.502206715530805,6.671949328980274
