R_squared,MSE,RMSE,MAE
0.5271811671334053,103.02524594142373,10.150135267149091,7.3835110035684925
