R_squared,MSE,RMSE,MAE
0.4171686892667297,126.9965047005637,11.26927258968225,8.195972061526124
