R_squared,MSE,RMSE,MAE
0.671288138072061,71.62493975476733,8.463151880639229,6.60664151906813
