R_squared,MSE,RMSE,MAE
0.625811946289923,81.53401172304916,9.029618581260737,6.680019747475905
