R_squared,MSE,RMSE,MAE
0.6253396412990222,81.6369250049756,9.035315434724767,7.220886769487069
