R_squared,MSE,RMSE,MAE
0.6600652362166899,74.07036312510144,8.606414068884988,6.757452578352179
