R_squared,MSE,RMSE,MAE
0.6312685747612639,80.34503520351726,8.963539211913854,6.742708818882402
