R_squared,MSE,RMSE,MAE
0.6295710714792855,80.714914068223,8.984147932231693,6.811236381258617
