R_squared,MSE,RMSE,MAE
0.6713320391177482,71.61537390054448,8.462586714506651,6.496378248114135
