R_squared,MSE,RMSE,MAE
0.6719160508562761,71.48812018556504,8.455064765308721,6.478979903348383
