R_squared,MSE,RMSE,MAE
0.6408315248679666,78.26130837585389,8.846542170580204,6.542618178602577
