R_squared,MSE,RMSE,MAE
0.6676145872606629,72.42539111058161,8.510310870384325,6.859226431031317
