R_squared,MSE,RMSE,MAE
0.3569643110965247,140.11478687670092,11.83700920320251,7.613823446166446
