R_squared,MSE,RMSE,MAE
0.5610061013853376,95.65493425326592,9.780334056322715,6.825921908133725
