R_squared,MSE,RMSE,MAE
0.668761342045849,72.17551803961696,8.4956175784705,6.8324509442212715
