R_squared,MSE,RMSE,MAE
0.6389896785983014,78.66263897380847,8.869196072576615,6.868074725473348
