R_squared,MSE,RMSE,MAE
0.679574131509439,69.81945644400469,8.355803758107577,6.577400177603576
