R_squared,MSE,RMSE,MAE
0.6679514379624704,72.35199275166082,8.50599745777418,6.491650214517844
