R_squared,MSE,RMSE,MAE
0.6671948405646881,72.51685215988822,8.515682718366639,6.4938864315837215
