R_squared,MSE,RMSE,MAE
0.6226721274973332,82.21816510449736,9.067423289143248,6.5615587935133775
