R_squared,MSE,RMSE,MAE
0.6320110832383365,80.18324571218034,8.954509797425,6.8484422710195325
