R_squared,MSE,RMSE,MAE
0.6713449122901725,71.61256889012004,8.462420982799193,6.619847152296451
