R_squared,MSE,RMSE,MAE
0.46516623654195977,116.53803991684197,10.795278593757642,7.940392572280491
