R_squared,MSE,RMSE,MAE
0.4203323615425929,126.30715374488629,11.238645547613213,8.121580049055925
