R_squared,MSE,RMSE,MAE
0.41155957874726146,128.21870642056982,11.323369923329796,8.319610550618252
