R_squared,MSE,RMSE,MAE
0.4228004388798562,125.76937001674584,11.214694379105739,8.111267755671447
