R_squared,MSE,RMSE,MAE
0.4730971384881617,114.80992955670472,10.714939549839034,7.560290122434898
