R_squared,MSE,RMSE,MAE
0.47705538660626257,113.947443848612,10.674616801019697,7.516411128103832
