R_squared,MSE,RMSE,MAE
0.430770088059202,124.03281679658122,11.137002145846125,7.795661424171334
