R_squared,MSE,RMSE,MAE
0.4586691242539639,117.95373350781337,10.860650694494018,8.340073660015873
