R_squared,MSE,RMSE,MAE
0.46304514613122627,117.00021664509313,10.816663840810305,8.317015967035214
