R_squared,MSE,RMSE,MAE
0.41994103032932983,126.39242317936831,11.242438489018665,8.513895558598767
