R_squared,MSE,RMSE,MAE
0.4702980401929229,115.41984136697003,10.743362665709933,7.942597748315417
