R_squared,MSE,RMSE,MAE
0.4803284716114833,113.2342523168669,10.64115841047707,7.668862963623948
