R_squared,MSE,RMSE,MAE
0.4830757962550839,112.63562176873104,10.612993063633418,7.628355034528037
