R_squared,MSE,RMSE,MAE
0.3569643110965238,140.11478687670112,11.837009203202518,7.613823446166476
