R_squared,MSE,RMSE,MAE
0.4444705281090813,121.04754821688655,11.002161070302805,7.545917723935876
