R_squared,MSE,RMSE,MAE
0.4175640355710186,126.91036039454177,11.265449853181265,8.0308883466
