R_squared,MSE,RMSE,MAE
0.4660921672739866,116.33628348338218,10.78592988496505,8.13722369564287
