R_squared,MSE,RMSE,MAE
0.45988998179335916,117.6877137566688,10.848396828871481,7.978726810395475
