R_squared,MSE,RMSE,MAE
0.469594719779845,115.5730919430811,10.750492637227426,7.905860115764142
