R_squared,MSE,RMSE,MAE
0.42397688356487395,125.51302764079689,11.203259688179905,8.066390390947573
