R_squared,MSE,RMSE,MAE
0.4781560369813894,113.70761673575045,10.663377360655979,7.519349108239773
