R_squared,MSE,RMSE,MAE
0.46301195445210164,117.00744897313787,10.816998149816698,8.313450552491178
