R_squared,MSE,RMSE,MAE
0.4844747202925237,112.33080207249176,10.598622649782932,7.608669727816558
