R_squared,MSE,RMSE,MAE
0.19751795060257604,174.8574818847672,13.223368779731102,9.135536085965468
