R_squared,MSE,RMSE,MAE
0.4217880188706441,125.98997210193082,11.224525473352129,7.7809978281594185
