R_squared,MSE,RMSE,MAE
0.421788018870645,125.98997210193063,11.22452547335212,7.7809978281594105
