R_squared,MSE,RMSE,MAE
0.17203915072908738,180.40920580266607,13.431649407376074,9.35090498839768
