R_squared,MSE,RMSE,MAE
0.1765957877456349,179.4163336565854,13.394638242841253,9.339834415391357
