R_squared,MSE,RMSE,MAE
0.21958043773552027,170.05015822303736,13.040328148594933,8.897087263561467
