R_squared,MSE,RMSE,MAE
0.22509535256483437,168.8484813499074,12.994171052818544,8.853784852591154
