R_squared,MSE,RMSE,MAE
0.1990873792740182,174.5155099419777,13.210431860540279,9.083370875178291
