R_squared,MSE,RMSE,MAE
0.20384133358219614,173.4796431834036,13.17116711546109,9.185392381617701
