R_squared,MSE,RMSE,MAE
0.2090261283619418,172.349898088225,13.128210010821162,9.142585311437626
