R_squared,MSE,RMSE,MAE
0.18634562990705605,177.29188383194423,13.315099843108358,9.39103715843584
