R_squared,MSE,RMSE,MAE
0.2308399756827586,167.5967520015294,12.94591642185015,8.893781159539678
