R_squared,MSE,RMSE,MAE
0.21679207957056768,170.6577298038379,13.063603247337156,8.91795368390811
