R_squared,MSE,RMSE,MAE
0.5562190381136334,96.6980153165019,9.83351490142268,6.901863597868188
