R_squared,MSE,RMSE,MAE
0.5291270126639609,102.60125433953662,10.129227726709308,7.4852124772356845
