R_squared,MSE,RMSE,MAE
0.5124395876946563,106.23737443900131,10.307151616183848,7.540281012161607
