R_squared,MSE,RMSE,MAE
0.22155074846482214,169.6208357566782,13.023856408786077,8.88063669376789
