R_squared,MSE,RMSE,MAE
0.22688410577432416,168.45871950768358,12.979164823195813,8.972410510263652
