R_squared,MSE,RMSE,MAE
0.1853186961869152,177.5156483940316,13.323499855294463,9.244978372616115
