R_squared,MSE,RMSE,MAE
0.22372903529713428,169.1461961674103,13.005621713990081,8.950877128807958
