R_squared,MSE,RMSE,MAE
0.19277615278836713,175.89069979415456,13.262379115157074,9.081144179741212
