R_squared,MSE,RMSE,MAE
0.20595725958016076,173.0185917590927,13.153653171613302,9.107460339534093
