R_squared,MSE,RMSE,MAE
0.1818535339456835,178.27069275206918,13.351804849984484,9.338274917309795
