R_squared,MSE,RMSE,MAE
0.2292301041347229,167.94753627796132,12.959457406772913,8.88879801232498
