R_squared,MSE,RMSE,MAE
0.2136568543031856,171.34088227535744,13.0897243009682,9.126991765080675
