R_squared,MSE,RMSE,MAE
0.22760330536427587,168.30200892535225,12.973126412910354,8.893874222106186
