R_squared,MSE,RMSE,MAE
0.5616138584009513,95.5225065417329,9.77356160986019,6.879173031703077
