R_squared,MSE,RMSE,MAE
0.5616138584009505,95.5225065417331,9.773561609860199,6.87917303170309
