R_squared,MSE,RMSE,MAE
0.0875471307025294,198.81966354722863,14.100342674815694,10.038384841547565
