R_squared,MSE,RMSE,MAE
0.09292087247459146,197.64874769276517,14.058760531880653,10.034434666098758
