R_squared,MSE,RMSE,MAE
0.057466993067521344,205.37399971656,14.330875748416773,10.206174416053539
