R_squared,MSE,RMSE,MAE
0.11180178843763877,193.53467508085393,13.91167405745455,9.852056372285492
