R_squared,MSE,RMSE,MAE
0.08510996028696438,199.35071278641067,14.119161192734174,10.37065505505466
