R_squared,MSE,RMSE,MAE
0.11548262827761735,192.73263547620098,13.88281799478049,9.83594401264905
