R_squared,MSE,RMSE,MAE
0.09663428574143706,196.83961047464837,14.029954043925033,9.999623237988502
