R_squared,MSE,RMSE,MAE
0.6620586333757545,73.63601022226449,8.581142710750386,6.717795753487737
