R_squared,MSE,RMSE,MAE
0.6282991236500006,80.99206617983042,8.999559221419148,6.782242813393475
