R_squared,MSE,RMSE,MAE
0.6310732359651741,80.38759871010822,8.965913155396288,6.787690257120416
