R_squared,MSE,RMSE,MAE
0.23412796872951924,166.8803120698912,12.918216288245494,8.592416750231955
