R_squared,MSE,RMSE,MAE
0.5562190381136327,96.69801531650202,9.833514901422687,6.90186359786819
