R_squared,MSE,RMSE,MAE
0.671297999207749,71.62279105454876,8.463024935243235,6.494954252354358
