R_squared,MSE,RMSE,MAE
0.6748468772999872,70.8495053627495,8.417214822181355,6.447583035205256
