R_squared,MSE,RMSE,MAE
0.6412151935033807,78.17770858503354,8.841815909926735,6.5331462504476825
