R_squared,MSE,RMSE,MAE
0.6683173060857843,72.2722716179699,8.501309994228532,6.832223515229406
