R_squared,MSE,RMSE,MAE
0.6717831994835768,71.51706794397607,8.456776451105709,6.798083644887203
