R_squared,MSE,RMSE,MAE
0.6399544406451527,78.45242135927481,8.85733714833498,6.849210424018707
