R_squared,MSE,RMSE,MAE
0.6809758440993116,69.51402913385448,8.337507369343339,6.567098816866677
