R_squared,MSE,RMSE,MAE
0.6668135673258231,72.59993000382012,8.520559254169887,6.49561844062299
