R_squared,MSE,RMSE,MAE
0.6696228192352364,71.98780576349745,8.484562791534838,6.4695504067479765
