R_squared,MSE,RMSE,MAE
0.6231888498103122,82.10557347388205,9.061212582975969,6.51767872238763
