R_squared,MSE,RMSE,MAE
0.23412796872952024,166.880312069891,12.918216288245487,8.592416750231948
