R_squared,MSE,RMSE,MAE
0.4272230029019183,124.80571181535352,11.171647676835924,7.821669901455789
