R_squared,MSE,RMSE,MAE
0.6329608281441491,79.97630026986424,8.942946956672852,6.848028171194419
