R_squared,MSE,RMSE,MAE
0.6723622203527808,71.39090171854615,8.449313683284942,6.611940917646913
