R_squared,MSE,RMSE,MAE
0.6625823026040625,73.52190488785706,8.574491523574856,6.733900451492131
