R_squared,MSE,RMSE,MAE
0.6633752072074183,73.34913429140353,8.564410913273809,6.733294072178836
