R_squared,MSE,RMSE,MAE
0.6312781796320552,80.34294234234775,8.963422468139486,6.786756653254014
