R_squared,MSE,RMSE,MAE
0.6743869611264959,70.94971917318317,8.423165626602813,6.462421373118148
