R_squared,MSE,RMSE,MAE
0.6711080548270777,71.66417914058418,8.465469812159522,6.8002482479902495
