R_squared,MSE,RMSE,MAE
0.6697706288741414,71.95559866144869,8.48266459677905,6.470379363464658
