R_squared,MSE,RMSE,MAE
0.46631263239733256,116.28824505518227,10.783702752542016,7.9244637782402485
