R_squared,MSE,RMSE,MAE
0.4694287811800075,115.60924926988592,10.752174164785739,7.902649224089596
