R_squared,MSE,RMSE,MAE
0.23412796872951946,166.88031206989115,12.918216288245493,8.59241675023195
