R_squared,MSE,RMSE,MAE
0.4237255352435021,125.5677953886662,11.2057036989502,8.102745069140012
