R_squared,MSE,RMSE,MAE
0.47742426518905023,113.86706674839411,10.670851266342067,7.513287576388249
