R_squared,MSE,RMSE,MAE
0.46408273981063763,116.77412932246996,10.806207906683545,8.308138351613952
