R_squared,MSE,RMSE,MAE
0.48391334084299154,112.45312430636696,10.604391746176061,7.622136720271033
