R_squared,MSE,RMSE,MAE
0.4699185725839118,115.50252577170946,10.747210138994653,7.900880540331237
