R_squared,MSE,RMSE,MAE
0.19709981736198323,174.94859136889497,13.22681334898527,9.137146510002474
