R_squared,MSE,RMSE,MAE
0.20175626858503193,173.93397012472767,13.188402864817546,9.105760772066551
