R_squared,MSE,RMSE,MAE
0.17566565542372004,179.61900559890708,13.402201520605004,9.342756479959059
