R_squared,MSE,RMSE,MAE
0.2238552839271759,169.11868711900598,13.004564088004102,8.85645143064394
