R_squared,MSE,RMSE,MAE
0.20840085845286183,172.4861417859901,13.133397952776352,9.147062423415466
