R_squared,MSE,RMSE,MAE
0.23412796872952157,166.8803120698907,12.918216288245475,8.592416750231926
