R_squared,MSE,RMSE,MAE
0.20571914276106307,173.07047641796214,13.15562527658652,9.141659228453342
