R_squared,MSE,RMSE,MAE
0.2205839213599914,169.8315033387077,13.031941656511039,8.885639650473903
