R_squared,MSE,RMSE,MAE
0.2059308546472567,173.02434528352407,13.153871874224869,9.108516312067659
