R_squared,MSE,RMSE,MAE
0.09160420507254119,197.93564401222199,14.06896030317173,10.044632274703053
