R_squared,MSE,RMSE,MAE
0.6628532845870168,73.46285904725401,8.571047721676388,6.7201947295521665
