R_squared,MSE,RMSE,MAE
0.6662868887804614,72.71469105582601,8.527290956442497,6.70603358667567
