R_squared,MSE,RMSE,MAE
0.6319497463468169,80.19661076427816,8.955256041246288,6.772267401276854
