R_squared,MSE,RMSE,MAE
0.6755723083877956,70.69143696310071,8.407819988742665,6.461570363925183
