R_squared,MSE,RMSE,MAE
0.6726982572705714,71.31768067975865,8.444979613933869,6.794430810967403
