R_squared,MSE,RMSE,MAE
0.6705748253889547,71.78036760472119,8.472329526447917,6.47430752719443
