R_squared,MSE,RMSE,MAE
0.6657036881985077,72.84176802318089,8.534738896016732,6.706489098472074
