R_squared,MSE,RMSE,MAE
0.2432163219035134,164.89999792868727,12.841339413343425,8.341064906338355
