R_squared,MSE,RMSE,MAE
0.47056589222500533,115.36147752956978,10.740646048053618,7.887358439232951
