R_squared,MSE,RMSE,MAE
0.20132377411247548,174.0282088612291,13.19197516906506,9.108096277650047
