R_squared,MSE,RMSE,MAE
0.6670829200139087,72.54123917975384,8.517114486711673,6.709016521490355
