R_squared,MSE,RMSE,MAE
0.193814647166051,175.6644162131453,13.253845336850182,9.146108306691211
