R_squared,MSE,RMSE,MAE
0.20571914276106285,173.07047641796217,13.155625276586521,9.141659228453344
