R_squared,MSE,RMSE,MAE
0.17688855472158338,179.35254095713273,13.392256753704087,9.444765758992482
