R_squared,MSE,RMSE,MAE
0.23266079346417035,167.20000342320577,12.930584032564258,8.529062373659636
