R_squared,MSE,RMSE,MAE
0.19381464716605057,175.6644162131454,13.253845336850185,9.146108306691215
