R_squared,MSE,RMSE,MAE
0.23674721901147877,166.3095883894384,12.896107489837327,8.254012968983266
