R_squared,MSE,RMSE,MAE
0.23266079346417112,167.20000342320563,12.930584032564253,8.529062373659626
