R_squared,MSE,RMSE,MAE
0.24337216683312934,164.86603997040316,12.84001713279243,8.256040894802053
