R_squared,MSE,RMSE,MAE
0.24337216683312746,164.8660399704036,12.840017132792449,8.256040894802068
