R_squared,MSE,RMSE,MAE
0.1378466193791672,187.8596153608642,13.706188943716784,9.325731729747528
