R_squared,MSE,RMSE,MAE
0.23674721901147544,166.30958838943914,12.896107489837355,8.25401296898329
