R_squared,MSE,RMSE,MAE
0.19724001892297582,174.91804203519973,13.225658472650794,9.094433530480677
