R_squared,MSE,RMSE,MAE
0.12990438431372464,189.590195160279,13.76917554395611,9.498084690314354
