R_squared,MSE,RMSE,MAE
0.17480417615033683,179.8067183291206,13.409202747707285,8.831860250764295
