R_squared,MSE,RMSE,MAE
0.17480417615033617,179.8067183291207,13.409202747707289,8.83186025076433
