R_squared,MSE,RMSE,MAE
0.07014639929686073,202.6112101355082,14.234156460272178,10.067287950807629
