R_squared,MSE,RMSE,MAE
0.17480417615033395,179.8067183291212,13.409202747707306,8.831860250764464
