R_squared,MSE,RMSE,MAE
0.1748041761503335,179.8067183291213,13.409202747707312,8.831860250764464
