R_squared,MSE,RMSE,MAE
0.17589972943035848,179.56800185196195,13.400298573239402,8.772153131264464
