R_squared,MSE,RMSE,MAE
0.07014639929686017,202.61121013550834,14.234156460272184,10.067287950807627
